time,sc_0,sc_1,sc_2,sc_3,sc_4,sc_5,sc_6,sc_7,sc_8,sc_9,sc_10,sc_11,sc_12,sc_13,sc_14,sc_15,sc_16,sc_17,sc_18,sc_19,sc_20,sc_21,sc_22,sc_23,sc_24,sc_25,sc_26,sc_27,sc_28,sc_29,sc_30,sc_31,sc_32,sc_33,sc_34,sc_35,sc_36,sc_37,sc_38,sc_39,sc_40,sc_41,sc_42,sc_43,sc_44,sc_45,sc_46,sc_47,sc_48,sc_49,sc_50,sc_51,sc_52,sc_53,sc_54,sc_55,sc_56,sc_57,sc_58,sc_59,sc_60,sc_61,sc_62,sc_63
0.0199,122.0,-96.0,7.0,0.0,0.0,0.0,0.0,0.0,0.0,0.0,0.0,0.0,-11.0,13.0,-12.0,14.0,-12.0,13.0,-11.0,13.0,-11.0,13.0,-10.0,12.0,-8.0,10.0,-7.0,8.0,-5.0,5.0,-4.0,2.0,-3.0,-1.0,-1.0,-4.0,-1.0,-7.0,1.0,-9.0,1.0,-12.0,1.0,-14.0,2.0,-16.0,2.0,-17.0,2.0,-17.0,2.0,-17.0,1.0,-16.0,1.0,-15.0,0.0,-13.0,0.0,-11.0,0.0,-8.0,0.0,-5.0
0.0393,122.0,-96.0,7.0,0.0,0.0,0.0,0.0,0.0,0.0,0.0,0.0,0.0,-11.0,16.0,-10.0,14.0,-9.0,12.0,-7.0,9.0,-6.0,6.0,-4.0,3.0,-3.0,0.0,-2.0,-4.0,-1.0,-8.0,-1.0,-11.0,0.0,-14.0,0.0,-16.0,0.0,-18.0,-1.0,-19.0,-1.0,-20.0,-1.0,-20.0,-1.0,-19.0,-1.0,-17.0,-1.0,-14.0,-1.0,-12.0,0.0,-9.0,0.0,-5.0,0.0,-2.0,2.0,1.0,3.0,4.0,4.0,7.0
0.0611,122.0,-96.0,7.0,0.0,0.0,0.0,0.0,0.0,0.0,0.0,0.0,0.0,3.0,7.0,1.0,4.0,-2.0,2.0,-5.0,0.0,-8.0,-3.0,-11.0,-5.0,-13.0,-6.0,-16.0,-8.0,-17.0,-8.0,-18.0,-9.0,-19.0,-8.0,-19.0,-8.0,-17.0,-7.0,-16.0,-6.0,-14.0,-6.0,-11.0,-5.0,-8.0,-4.0,-5.0,-3.0,-1.0,-2.0,2.0,-2.0,6.0,-2.0,9.0,-2.0,12.0,-3.0,14.0,-3.0,16.0,-3.0,17.0,-5.0
0.0843,122.0,-96.0,7.0,0.0,0.0,0.0,0.0,0.0,0.0,0.0,0.0,0.0,-17.0,-9.0,-18.0,-10.0,-18.0,-9.0,-19.0,-9.0,-18.0,-9.0,-16.0,-8.0,-14.0,-7.0,-11.0,-6.0,-8.0,-5.0,-5.0,-4.0,-1.0,-3.0,3.0,-2.0,6.0,-2.0,10.0,-2.0,13.0,-1.0,15.0,-1.0,17.0,-1.0,18.0,-1.0,19.0,-2.0,19.0,-3.0,18.0,-2.0,16.0,-3.0,14.0,-2.0,11.0,-2.0,8.0,-2.0,5.0,-1.0
0.1079,122.0,-96.0,7.0,0.0,0.0,0.0,0.0,0.0,0.0,0.0,0.0,0.0,-5.0,7.0,-4.0,3.0,-3.0,0.0,-3.0,-4.0,-3.0,-8.0,-3.0,-11.0,-2.0,-14.0,-2.0,-17.0,-3.0,-18.0,-4.0,-20.0,-4.0,-20.0,-4.0,-19.0,-5.0,-18.0,-4.0,-17.0,-4.0,-15.0,-3.0,-12.0,-2.0,-9.0,-1.0,-6.0,1.0,-2.0,2.0,1.0,5.0,3.0,6.0,7.0,8.0,8.0,11.0,10.0,12.0,10.0,13.0,12.0
0.1317,122.0,-96.0,7.0,0.0,0.0,0.0,0.0,0.0,0.0,0.0,0.0,0.0,7.0,-3.0,10.0,-3.0,13.0,-3.0,16.0,-4.0,18.0,-4.0,19.0,-5.0,19.0,-5.0,19.0,-5.0,18.0,-5.0,16.0,-4.0,14.0,-4.0,11.0,-3.0,8.0,-2.0,4.0,-1.0,1.0,1.0,-2.0,3.0,-5.0,4.0,-7.0,7.0,-10.0,8.0,-12.0,10.0,-13.0,11.0,-14.0,12.0,-14.0,13.0,-13.0,13.0,-12.0,13.0,-11.0,12.0
0.1543,122.0,-96.0,7.0,0.0,0.0,0.0,0.0,0.0,0.0,0.0,0.0,0.0,-10.0,16.0,-9.0,15.0,-8.0,12.0,-7.0,9.0,-6.0,6.0,-4.0,3.0,-3.0,-1.0,-2.0,-5.0,-1.0,-8.0,-1.0,-12.0,0.0,-14.0,0.0,-16.0,-1.0,-19.0,-1.0,-20.0,-1.0,-21.0,-2.0,-20.0,-2.0,-19.0,-2.0,-16.0,-1.0,-14.0,-1.0,-11.0,0.0,-8.0,0.0,-4.0,1.0,-1.0,3.0,2.0,4.0,5.0,5.0,8.0
0.1793,122.0,-96.0,7.0,0.0,0.0,0.0,0.0,0.0,0.0,0.0,0.0,0.0,-5.0,7.0,-4.0,3.0,-3.0,-1.0,-3.0,-4.0,-2.0,-9.0,-2.0,-12.0,-2.0,-15.0,-1.0,-17.0,-2.0,-19.0,-3.0,-20.0,-2.0,-20.0,-2.0,-20.0,-3.0,-19.0,-3.0,-16.0,-3.0,-14.0,-2.0,-11.0,-1.0,-8.0,0.0,-5.0,1.0,-1.0,3.0,2.0,5.0,5.0,6.0,7.0,8.0,10.0,10.0,12.0,11.0,12.0,12.0,13.0
0.2028,122.0,-96.0,7.0,0.0,0.0,0.0,0.0,0.0,0.0,0.0,0.0,0.0,-6.0,5.0,-10.0,6.0,-12.0,7.0,-14.0,9.0,-16.0,10.0,-17.0,11.0,-17.0,11.0,-17.0,11.0,-16.0,10.0,-14.0,9.0,-13.0,8.0,-10.0,6.0,-7.0,4.0,-5.0,2.0,-3.0,-1.0,-1.0,-4.0,2.0,-7.0,3.0,-9.0,5.0,-12.0,6.0,-14.0,7.0,-16.0,7.0,-17.0,7.0,-18.0,6.0,-18.0,5.0,-17.0,5.0,-16.0
0.2262,122.0,-96.0,7.0,0.0,0.0,0.0,0.0,0.0,0.0,0.0,0.0,0.0,7.0,-6.0,4.0,-3.0,3.0,1.0,1.0,4.0,-1.0,9.0,-3.0,12.0,-4.0,15.0,-5.0,17.0,-6.0,19.0,-5.0,21.0,-5.0,21.0,-5.0,20.0,-4.0,20.0,-3.0,18.0,-3.0,15.0,-3.0,11.0,-2.0,8.0,-2.0,4.0,-3.0,0.0,-3.0,-4.0,-4.0,-8.0,-5.0,-11.0,-5.0,-15.0,-7.0,-17.0,-8.0,-18.0,-8.0,-19.0
0.2479,122.0,-96.0,7.0,0.0,0.0,0.0,0.0,0.0,0.0,0.0,0.0,0.0,17.0,-8.0,15.0,-7.0,13.0,-6.0,11.0,-5.0,8.0,-3.0,4.0,-1.0,1.0,1.0,-2.0,4.0,-5.0,6.0,-7.0,9.0,-9.0,11.0,-11.0,12.0,-11.0,14.0,-12.0,15.0,-12.0,15.0,-11.0,15.0,-10.0,14.0,-9.0,13.0,-8.0,11.0,-7.0,8.0,-5.0,6.0,-4.0,2.0,-2.0,-1.0,-2.0,-4.0,0.0,-7.0,1.0,-10.0
0.2701,122.0,-96.0,7.0,0.0,0.0,0.0,0.0,0.0,0.0,0.0,0.0,0.0,15.0,11.0,13.0,10.0,12.0,8.0,9.0,7.0,6.0,5.0,2.0,4.0,-2.0,2.0,-5.0,1.0,-9.0,0.0,-11.0,-1.0,-15.0,-2.0,-17.0,-2.0,-18.0,-2.0,-20.0,-2.0,-20.0,-2.0,-20.0,-1.0,-18.0,-1.0,-16.0,-1.0,-14.0,0.0,-12.0,0.0,-8.0,-1.0,-5.0,-1.0,-1.0,-2.0,2.0,-3.0,5.0,-4.0,9.0,-6.0
0.2931,122.0,-96.0,7.0,0.0,0.0,0.0,0.0,0.0,0.0,0.0,0.0,0.0,-3.0,16.0,-3.0,17.0,-2.0,17.0,-2.0,17.0,-2.0,16.0,-2.0,15.0,-2.0,13.0,-2.0,10.0,-2.0,7.0,-2.0,4.0,-3.0,0.0,-3.0,-3.0,-4.0,-6.0,-4.0,-8.0,-5.0,-11.0,-6.0,-14.0,-7.0,-15.0,-8.0,-16.0,-8.0,-15.0,-8.0,-15.0,-8.0,-14.0,-8.0,-13.0,-7.0,-12.0,-6.0,-9.0,-4.0,-7.0,-3.0,-4.0
0.3172,122.0,-96.0,7.0,0.0,0.0,0.0,0.0,0.0,0.0,0.0,0.0,0.0,12.0,14.0,11.0,12.0,10.0,10.0,7.0,8.0,5.0,6.0,2.0,5.0,-2.0,3.0,-5.0,0.0,-8.0,-1.0,-11.0,-3.0,-14.0,-4.0,-16.0,-5.0,-17.0,-6.0,-19.0,-6.0,-19.0,-5.0,-19.0,-5.0,-18.0,-5.0,-17.0,-4.0,-14.0,-3.0,-12.0,-2.0,-9.0,-2.0,-5.0,-1.0,-2.0,-2.0,2.0,-2.0,5.0,-2.0,8.0,-4.0
0.3311,122.0,-96.0,7.0,0.0,0.0,0.0,0.0,0.0,0.0,0.0,0.0,0.0,-12.0,10.0,-12.0,11.0,-11.0,10.0,-12.0,10.0,-12.0,10.0,-12.0,10.0,-12.0,10.0,-12.0,10.0,-12.0,9.0,-12.0,9.0,-12.0,9.0,-12.0,9.0,-12.0,8.0,-11.0,8.0,-12.0,8.0,-11.0,8.0,-11.0,8.0,-11.0,7.0,-11.0,7.0,-11.0,7.0,-10.0,6.0,-10.0,6.0,-10.0,6.0,-9.0,6.0,-9.0,6.0,-9.0,5.0
0.3548,122.0,-96.0,7.0,0.0,0.0,0.0,0.0,0.0,0.0,0.0,0.0,0.0,-18.0,-7.0,-17.0,-6.0,-15.0,-5.0,-12.0,-5.0,-9.0,-4.0,-4.0,-4.0,-1.0,-3.0,3.0,-3.0,7.0,-3.0,9.0,-3.0,13.0,-3.0,15.0,-3.0,17.0,-4.0,18.0,-5.0,19.0,-5.0,18.0,-5.0,17.0,-5.0,16.0,-5.0,13.0,-5.0,11.0,-4.0,8.0,-3.0,5.0,-1.0,1.0,1.0,-1.0,2.0,-4.0,4.0,-8.0,6.0
0.3715,122.0,-96.0,7.0,0.0,0.0,0.0,0.0,0.0,0.0,0.0,0.0,0.0,-19.0,-2.0,-19.0,-2.0,-18.0,-2.0,-19.0,-3.0,-19.0,-3.0,-19.0,-3.0,-19.0,-4.0,-19.0,-3.0,-18.0,-3.0,-17.0,-3.0,-18.0,-3.0,-17.0,-4.0,-17.0,-4.0,-17.0,-4.0,-16.0,-4.0,-16.0,-4.0,-16.0,-4.0,-15.0,-4.0,-15.0,-4.0,-15.0,-4.0,-14.0,-4.0,-14.0,-5.0,-13.0,-4.0,-13.0,-4.0,-12.0,-4.0,-12.0,-4.0
0.3846,122.0,-96.0,7.0,0.0,0.0,0.0,0.0,0.0,0.0,0.0,0.0,0.0,0.0,13.0,0.0,13.0,0.0,13.0,0.0,13.0,-1.0,13.0,-1.0,14.0,-1.0,13.0,-1.0,13.0,-1.0,12.0,-2.0,12.0,-2.0,13.0,-2.0,12.0,-2.0,12.0,-2.0,12.0,-2.0,12.0,-2.0,11.0,-2.0,11.0,-2.0,11.0,-2.0,11.0,-3.0,11.0,-2.0,10.0,-2.0,10.0,-2.0,9.0,-2.0,9.0,-2.0,8.0,-2.0,8.0
0.4073,122.0,-96.0,7.0,0.0,0.0,0.0,0.0,0.0,0.0,0.0,0.0,0.0,17.0,-3.0,15.0,-2.0,13.0,-2.0,10.0,-2.0,7.0,-1.0,4.0,0.0,1.0,1.0,-2.0,3.0,-6.0,4.0,-8.0,6.0,-10.0,7.0,-12.0,8.0,-13.0,9.0,-13.0,10.0,-14.0,10.0,-13.0,10.0,-12.0,10.0,-11.0,10.0,-10.0,8.0,-8.0,6.0,-6.0,5.0,-4.0,2.0,-2.0,0.0,-1.0,-3.0,0.0,-6.0,2.0,-8.0
0.4273,122.0,-96.0,7.0,0.0,0.0,0.0,0.0,0.0,0.0,0.0,0.0,0.0,8.0,4.0,4.0,3.0,0.0,2.0,-5.0,3.0,-8.0,3.0,-13.0,3.0,-16.0,3.0,-19.0,3.0,-21.0,4.0,-21.0,4.0,-22.0,5.0,-22.0,5.0,-20.0,5.0,-18.0,4.0,-15.0,4.0,-12.0,3.0,-9.0,1.0,-5.0,0.0,-2.0,-2.0,1.0,-4.0,5.0,-7.0,7.0,-8.0,10.0,-11.0,12.0,-12.0,11.0,-15.0,14.0,-16.0
0.4538,122.0,-96.0,7.0,0.0,0.0,0.0,0.0,0.0,0.0,0.0,0.0,0.0,-8.0,5.0,-6.0,2.0,-3.0,-2.0,-2.0,-6.0,0.0,-9.0,2.0,-13.0,3.0,-16.0,4.0,-19.0,4.0,-20.0,4.0,-21.0,4.0,-22.0,4.0,-21.0,2.0,-21.0,2.0,-18.0,2.0,-16.0,1.0,-12.0,1.0,-9.0,1.0,-5.0,2.0,-1.0,2.0,3.0,3.0,6.0,4.0,10.0,5.0,13.0,7.0,15.0,7.0,17.0,8.0,18.0
0.476,122.0,-96.0,7.0,0.0,0.0,0.0,0.0,0.0,0.0,0.0,0.0,0.0,18.0,-4.0,19.0,-4.0,20.0,-4.0,20.0,-4.0,18.0,-4.0,16.0,-4.0,13.0,-3.0,11.0,-3.0,7.0,-1.0,4.0,0.0,1.0,2.0,-3.0,3.0,-6.0,5.0,-9.0,7.0,-11.0,8.0,-13.0,10.0,-14.0,11.0,-15.0,11.0,-15.0,12.0,-15.0,12.0,-14.0,12.0,-12.0,11.0,-10.0,9.0,-9.0,7.0,-6.0,5.0,-4.0,2.0
0.4896,122.0,-96.0,7.0,0.0,0.0,0.0,0.0,0.0,0.0,0.0,0.0,0.0,-18.0,5.0,-19.0,5.0,-18.0,4.0,-18.0,4.0,-18.0,4.0,-19.0,4.0,-18.0,3.0,-18.0,4.0,-18.0,3.0,-17.0,3.0,-18.0,3.0,-17.0,3.0,-17.0,2.0,-17.0,2.0,-17.0,3.0,-17.0,2.0,-16.0,1.0,-16.0,2.0,-15.0,1.0,-15.0,1.0,-15.0,1.0,-14.0,1.0,-14.0,1.0,-13.0,1.0,-13.0,1.0,-13.0,1.0
0.5121,122.0,-96.0,7.0,0.0,0.0,0.0,0.0,0.0,0.0,0.0,0.0,0.0,-8.0,-18.0,-7.0,-17.0,-6.0,-14.0,-5.0,-11.0,-3.0,-8.0,-1.0,-6.0,2.0,-3.0,4.0,1.0,6.0,3.0,9.0,6.0,11.0,7.0,12.0,9.0,14.0,11.0,15.0,10.0,15.0,11.0,15.0,10.0,15.0,9.0,14.0,9.0,11.0,7.0,8.0,5.0,6.0,4.0,2.0,2.0,-1.0,2.0,-5.0,0.0,-8.0,-1.0,-10.0,-1.0
0.5345,122.0,-96.0,7.0,0.0,0.0,0.0,0.0,0.0,0.0,0.0,0.0,0.0,6.0,6.0,2.0,4.0,-1.0,2.0,-5.0,1.0,-8.0,0.0,-12.0,-1.0,-15.0,-2.0,-17.0,-2.0,-19.0,-2.0,-20.0,-2.0,-20.0,-2.0,-20.0,-1.0,-18.0,-1.0,-17.0,-1.0,-14.0,-1.0,-12.0,-1.0,-8.0,-1.0,-5.0,-1.0,-1.0,-2.0,2.0,-3.0,6.0,-4.0,8.0,-5.0,12.0,-7.0,13.0,-8.0,14.0,-9.0,15.0,-11.0
0.5478,122.0,-96.0,7.0,0.0,0.0,0.0,0.0,0.0,0.0,0.0,0.0,0.0,8.0,-11.0,8.0,-11.0,8.0,-10.0,9.0,-11.0,9.0,-10.0,9.0,-11.0,9.0,-10.0,9.0,-10.0,9.0,-10.0,8.0,-9.0,9.0,-10.0,8.0,-10.0,9.0,-9.0,8.0,-9.0,8.0,-9.0,9.0,-9.0,8.0,-8.0,8.0,-8.0,8.0,-9.0,8.0,-7.0,8.0,-7.0,7.0,-7.0,7.0,-7.0,7.0,-7.0,7.0,-7.0,6.0,-6.0
0.5733,122.0,-96.0,7.0,0.0,0.0,0.0,0.0,0.0,0.0,0.0,0.0,0.0,5.0,18.0,4.0,17.0,3.0,13.0,3.0,11.0,1.0,8.0,-1.0,5.0,-3.0,1.0,-5.0,-2.0,-7.0,-5.0,-9.0,-8.0,-11.0,-9.0,-12.0,-11.0,-14.0,-12.0,-15.0,-13.0,-16.0,-13.0,-15.0,-13.0,-15.0,-12.0,-13.0,-10.0,-12.0,-8.0,-9.0,-7.0,-6.0,-5.0,-3.0,-3.0,0.0,-3.0,4.0,-1.0,7.0,0.0,9.0,1.0
0.5985,122.0,-96.0,7.0,0.0,0.0,0.0,0.0,0.0,0.0,0.0,0.0,0.0,6.0,-6.0,9.0,-7.0,12.0,-8.0,14.0,-9.0,16.0,-10.0,16.0,-11.0,17.0,-11.0,16.0,-11.0,15.0,-10.0,13.0,-9.0,12.0,-8.0,9.0,-6.0,6.0,-4.0,4.0,-2.0,1.0,1.0,-1.0,3.0,-3.0,6.0,-5.0,9.0,-7.0,11.0,-8.0,14.0,-9.0,15.0,-9.0,16.0,-9.0,17.0,-8.0,16.0,-7.0,16.0,-7.0,14.0
0.6192,122.0,-96.0,7.0,0.0,0.0,0.0,0.0,0.0,0.0,0.0,0.0,0.0,19.0,3.0,16.0,3.0,15.0,3.0,11.0,2.0,8.0,2.0,4.0,2.0,0.0,2.0,-4.0,2.0,-8.0,3.0,-10.0,4.0,-13.0,4.0,-16.0,5.0,-17.0,6.0,-18.0,6.0,-19.0,7.0,-18.0,7.0,-17.0,7.0,-16.0,6.0,-14.0,6.0,-12.0,4.0,-9.0,3.0,-6.0,1.0,-2.0,-1.0,0.0,-3.0,2.0,-5.0,6.0,-8.0
0.6363,122.0,-96.0,7.0,0.0,0.0,0.0,0.0,0.0,0.0,0.0,0.0,0.0,-16.0,-14.0,-16.0,-14.0,-16.0,-14.0,-15.0,-15.0,-15.0,-15.0,-15.0,-15.0,-15.0,-15.0,-15.0,-15.0,-15.0,-15.0,-14.0,-15.0,-14.0,-15.0,-14.0,-15.0,-13.0,-14.0,-13.0,-14.0,-13.0,-15.0,-12.0,-14.0,-12.0,-14.0,-12.0,-14.0,-11.0,-14.0,-11.0,-13.0,-11.0,-13.0,-10.0,-13.0,-10.0,-12.0,-9.0,-12.0,-9.0,-12.0,-9.0,-11.0
0.6593,122.0,-96.0,7.0,0.0,0.0,0.0,0.0,0.0,0.0,0.0,0.0,0.0,15.0,10.0,16.0,11.0,17.0,10.0,17.0,10.0,16.0,9.0,13.0,9.0,12.0,7.0,9.0,6.0,6.0,4.0,3.0,3.0,-1.0,2.0,-4.0,0.0,-8.0,0.0,-12.0,-1.0,-15.0,-1.0,-17.0,-2.0,-18.0,-2.0,-20.0,-2.0,-20.0,-1.0,-19.0,0.0,-18.0,-1.0,-17.0,0.0,-14.0,0.0,-12.0,0.0,-8.0,0.0,-5.0,-1.0
0.6722,122.0,-96.0,7.0,0.0,0.0,0.0,0.0,0.0,0.0,0.0,0.0,0.0,4.0,20.0,4.0,20.0,3.0,20.0,3.0,20.0,3.0,20.0,3.0,20.0,2.0,20.0,3.0,20.0,2.0,19.0,2.0,19.0,1.0,19.0,1.0,19.0,1.0,18.0,1.0,18.0,1.0,18.0,1.0,18.0,0.0,18.0,0.0,17.0,0.0,16.0,-1.0,16.0,0.0,16.0,0.0,15.0,0.0,15.0,-1.0,14.0,-1.0,14.0,-1.0,13.0
0.6866,122.0,-96.0,7.0,0.0,0.0,0.0,0.0,0.0,0.0,0.0,0.0,0.0,-10.0,12.0,-10.0,11.0,-10.0,11.0,-11.0,12.0,-11.0,11.0,-11.0,11.0,-11.0,10.0,-11.0,11.0,-11.0,10.0,-11.0,10.0,-11.0,10.0,-11.0,9.0,-11.0,9.0,-11.0,9.0,-11.0,9.0,-11.0,9.0,-11.0,8.0,-10.0,8.0,-10.0,7.0,-10.0,7.0,-10.0,7.0,-10.0,7.0,-10.0,6.0,-9.0,7.0,-9.0,6.0,-8.0,5.0
0.7012,122.0,-96.0,7.0,0.0,0.0,0.0,0.0,0.0,0.0,0.0,0.0,0.0,15.0,10.0,14.0,9.0,15.0,10.0,14.0,10.0,15.0,10.0,14.0,10.0,14.0,10.0,14.0,10.0,14.0,11.0,13.0,11.0,13.0,11.0,13.0,11.0,12.0,11.0,12.0,11.0,12.0,10.0,12.0,10.0,11.0,9.0,12.0,10.0,10.0,10.0,10.0,10.0,9.0,10.0,9.0,9.0,9.0,9.0,8.0,8.0,8.0,8.0,8.0,8.0
0.7233,122.0,-96.0,7.0,0.0,0.0,0.0,0.0,0.0,0.0,0.0,0.0,0.0,8.0,-4.0,5.0,-2.0,2.0,1.0,0.0,4.0,-3.0,8.0,-5.0,11.0,-7.0,14.0,-9.0,16.0,-10.0,17.0,-9.0,19.0,-10.0,19.0,-9.0,19.0,-7.0,18.0,-6.0,17.0,-6.0,14.0,-5.0,11.0,-4.0,7.0,-3.0,3.0,-3.0,0.0,-2.0,-5.0,-3.0,-8.0,-3.0,-12.0,-3.0,-15.0,-4.0,-17.0,-5.0,-19.0,-5.0,-20.0
0.7461,122.0,-96.0,7.0,0.0,0.0,0.0,0.0,0.0,0.0,0.0,0.0,0.0,5.0,-21.0,4.0,-19.0,4.0,-16.0,3.0,-13.0,3.0,-9.0,3.0,-5.0,2.0,-1.0,3.0,3.0,3.0,7.0,4.0,11.0,4.0,14.0,4.0,17.0,6.0,18.0,7.0,19.0,7.0,20.0,7.0,19.0,7.0,18.0,7.0,16.0,5.0,13.0,4.0,11.0,2.0,7.0,0.0,4.0,-1.0,1.0,-5.0,-2.0,-7.0,-5.0,-9.0,-7.0
0.7588,122.0,-96.0,7.0,0.0,0.0,0.0,0.0,0.0,0.0,0.0,0.0,0.0,16.0,-14.0,16.0,-13.0,16.0,-13.0,16.0,-13.0,15.0,-13.0,16.0,-13.0,16.0,-13.0,16.0,-13.0,16.0,-12.0,16.0,-12.0,16.0,-12.0,16.0,-11.0,15.0,-11.0,15.0,-11.0,15.0,-10.0,15.0,-10.0,14.0,-9.0,15.0,-10.0,14.0,-9.0,14.0,-8.0,14.0,-8.0,13.0,-7.0,13.0,-8.0,12.0,-7.0,12.0,-7.0,11.0,-7.0
0.7828,122.0,-96.0,7.0,0.0,0.0,0.0,0.0,0.0,0.0,0.0,0.0,0.0,6.0,18.0,6.0,16.0,5.0,14.0,3.0,11.0,2.0,8.0,0.0,5.0,-3.0,2.0,-5.0,-1.0,-7.0,-4.0,-9.0,-7.0,-11.0,-9.0,-12.0,-10.0,-14.0,-12.0,-15.0,-12.0,-16.0,-12.0,-16.0,-12.0,-15.0,-11.0,-15.0,-10.0,-12.0,-8.0,-10.0,-7.0,-7.0,-5.0,-4.0,-4.0,-1.0,-3.0,3.0,-1.0,6.0,0.0,8.0,0.0
0.8072,122.0,-96.0,7.0,0.0,0.0,0.0,0.0,0.0,0.0,0.0,0.0,0.0,-8.0,5.0,-5.0,2.0,-3.0,-1.0,-2.0,-5.0,0.0,-8.0,2.0,-11.0,3.0,-14.0,4.0,-16.0,4.0,-18.0,3.0,-20.0,3.0,-20.0,3.0,-19.0,2.0,-19.0,1.0,-17.0,1.0,-15.0,2.0,-12.0,1.0,-9.0,1.0,-5.0,1.0,-2.0,1.0,2.0,3.0,5.0,3.0,8.0,4.0,11.0,5.0,13.0,6.0,15.0,7.0,16.0
0.8296,122.0,-96.0,7.0,0.0,0.0,0.0,0.0,0.0,0.0,0.0,0.0,0.0,19.0,-7.0,17.0,-7.0,16.0,-5.0,12.0,-4.0,9.0,-2.0,4.0,-1.0,1.0,2.0,-3.0,4.0,-6.0,6.0,-9.0,9.0,-11.0,11.0,-13.0,12.0,-14.0,14.0,-15.0,15.0,-15.0,15.0,-14.0,15.0,-13.0,15.0,-12.0,13.0,-10.0,12.0,-9.0,9.0,-7.0,6.0,-4.0,3.0,-2.0,-1.0,-1.0,-5.0,0.0,-8.0,2.0,-12.0
0.8516,122.0,-96.0,7.0,0.0,0.0,0.0,0.0,0.0,0.0,0.0,0.0,0.0,12.0,15.0,10.0,13.0,9.0,11.0,7.0,9.0,4.0,6.0,1.0,4.0,-2.0,2.0,-5.0,0.0,-9.0,-3.0,-11.0,-4.0,-14.0,-5.0,-16.0,-6.0,-17.0,-7.0,-18.0,-7.0,-19.0,-7.0,-19.0,-6.0,-18.0,-6.0,-16.0,-5.0,-14.0,-4.0,-11.0,-3.0,-8.0,-3.0,-5.0,-2.0,0.0,-2.0,3.0,-1.0,6.0,-2.0,10.0,-3.0
0.866,122.0,-96.0,7.0,0.0,0.0,0.0,0.0,0.0,0.0,0.0,0.0,0.0,-21.0,4.0,-21.0,3.0,-21.0,3.0,-21.0,3.0,-21.0,3.0,-21.0,3.0,-21.0,3.0,-20.0,3.0,-20.0,3.0,-20.0,2.0,-20.0,2.0,-20.0,2.0,-19.0,2.0,-19.0,2.0,-19.0,2.0,-19.0,1.0,-18.0,1.0,-18.0,2.0,-17.0,1.0,-17.0,0.0,-16.0,1.0,-16.0,1.0,-15.0,1.0,-15.0,0.0,-14.0,0.0,-14.0,0.0
0.8802,122.0,-96.0,7.0,0.0,0.0,0.0,0.0,0.0,0.0,0.0,0.0,0.0,-13.0,13.0,-14.0,12.0,-14.0,12.0,-14.0,12.0,-14.0,12.0,-14.0,12.0,-14.0,12.0,-14.0,12.0,-14.0,11.0,-14.0,11.0,-13.0,11.0,-14.0,11.0,-13.0,10.0,-13.0,10.0,-13.0,10.0,-14.0,9.0,-13.0,9.0,-13.0,9.0,-12.0,8.0,-12.0,8.0,-12.0,8.0,-11.0,7.0,-11.0,7.0,-11.0,7.0,-10.0,7.0,-10.0,7.0
0.9071,122.0,-96.0,7.0,0.0,0.0,0.0,0.0,0.0,0.0,0.0,0.0,0.0,-7.0,6.0,-5.0,2.0,-3.0,-1.0,-2.0,-5.0,-1.0,-9.0,1.0,-13.0,2.0,-16.0,2.0,-19.0,2.0,-21.0,1.0,-23.0,2.0,-22.0,2.0,-22.0,0.0,-21.0,0.0,-19.0,0.0,-16.0,0.0,-13.0,1.0,-9.0,1.0,-5.0,2.0,-1.0,2.0,3.0,4.0,6.0,5.0,10.0,6.0,13.0,8.0,15.0,9.0,16.0,10.0,17.0
0.9297,122.0,-96.0,7.0,0.0,0.0,0.0,0.0,0.0,0.0,0.0,0.0,0.0,4.0,7.0,1.0,4.0,-2.0,2.0,-5.0,0.0,-8.0,-2.0,-11.0,-4.0,-14.0,-5.0,-16.0,-7.0,-18.0,-7.0,-19.0,-7.0,-19.0,-7.0,-19.0,-6.0,-18.0,-6.0,-16.0,-5.0,-14.0,-5.0,-11.0,-4.0,-8.0,-3.0,-4.0,-2.0,-1.0,-2.0,3.0,-2.0,7.0,-3.0,9.0,-2.0,13.0,-4.0,14.0,-4.0,16.0,-5.0,17.0,-6.0
0.9522,122.0,-96.0,7.0,0.0,0.0,0.0,0.0,0.0,0.0,0.0,0.0,0.0,7.0,-7.0,5.0,-4.0,3.0,0.0,1.0,4.0,0.0,8.0,-1.0,12.0,-2.0,15.0,-3.0,17.0,-3.0,19.0,-3.0,22.0,-3.0,21.0,-2.0,21.0,-2.0,20.0,-1.0,18.0,-1.0,15.0,-1.0,12.0,-1.0,8.0,-2.0,5.0,-2.0,1.0,-3.0,-3.0,-5.0,-6.0,-6.0,-9.0,-7.0,-13.0,-9.0,-15.0,-10.0,-16.0,-11.0,-17.0
0.9662,122.0,-96.0,7.0,0.0,0.0,0.0,0.0,0.0,0.0,0.0,0.0,0.0,13.0,-16.0,14.0,-16.0,13.0,-15.0,15.0,-16.0,14.0,-15.0,14.0,-15.0,14.0,-15.0,14.0,-15.0,14.0,-14.0,14.0,-14.0,14.0,-14.0,14.0,-13.0,14.0,-13.0,13.0,-13.0,14.0,-13.0,14.0,-12.0,13.0,-12.0,13.0,-11.0,13.0,-11.0,12.0,-11.0,12.0,-10.0,12.0,-10.0,11.0,-9.0,11.0,-9.0,11.0,-9.0,10.0,-9.0
0.9877,122.0,-96.0,7.0,0.0,0.0,0.0,0.0,0.0,0.0,0.0,0.0,0.0,4.0,-8.0,3.0,-4.0,3.0,-1.0,3.0,3.0,2.0,7.0,3.0,11.0,2.0,13.0,3.0,16.0,3.0,17.0,4.0,19.0,5.0,18.0,5.0,18.0,5.0,17.0,5.0,15.0,4.0,13.0,3.0,10.0,2.0,7.0,0.0,4.0,-2.0,1.0,-4.0,-2.0,-7.0,-5.0,-8.0,-7.0,-11.0,-9.0,-13.0,-10.0,-14.0,-10.0,-15.0,-12.0
1.0019,122.0,-96.0,7.0,0.0,0.0,0.0,0.0,0.0,0.0,0.0,0.0,0.0,13.0,7.0,14.0,7.0,13.0,7.0,13.0,7.0,12.0,7.0,14.0,7.0,12.0,7.0,13.0,8.0,12.0,8.0,12.0,7.0,12.0,7.0,12.0,8.0,11.0,7.0,11.0,7.0,11.0,7.0,10.0,7.0,11.0,7.0,10.0,7.0,10.0,7.0,9.0,7.0,9.0,7.0,9.0,7.0,8.0,6.0,8.0,6.0,8.0,6.0,8.0,6.0
1.0148,122.0,-96.0,7.0,0.0,0.0,0.0,0.0,0.0,0.0,0.0,0.0,0.0,8.0,-19.0,9.0,-19.0,9.0,-19.0,9.0,-19.0,9.0,-19.0,10.0,-19.0,9.0,-18.0,9.0,-19.0,9.0,-17.0,9.0,-17.0,10.0,-18.0,10.0,-17.0,10.0,-16.0,10.0,-16.0,10.0,-15.0,10.0,-15.0,9.0,-15.0,9.0,-15.0,10.0,-14.0,9.0,-13.0,9.0,-13.0,9.0,-13.0,9.0,-12.0,9.0,-12.0,8.0,-12.0,8.0,-11.0
1.0391,122.0,-96.0,7.0,0.0,0.0,0.0,0.0,0.0,0.0,0.0,0.0,0.0,7.0,-2.0,11.0,-2.0,14.0,-2.0,16.0,-1.0,18.0,-2.0,19.0,-2.0,20.0,-2.0,19.0,-3.0,18.0,-2.0,16.0,-2.0,14.0,-2.0,11.0,-2.0,8.0,-1.0,4.0,0.0,1.0,1.0,-2.0,2.0,-5.0,4.0,-8.0,5.0,-11.0,7.0,-13.0,8.0,-15.0,10.0,-16.0,10.0,-16.0,11.0,-15.0,11.0,-14.0,11.0,-13.0,10.0
1.0614,122.0,-96.0,7.0,0.0,0.0,0.0,0.0,0.0,0.0,0.0,0.0,0.0,19.0,-1.0,17.0,-1.0,15.0,-1.0,12.0,0.0,8.0,0.0,4.0,1.0,0.0,2.0,-3.0,3.0,-7.0,5.0,-9.0,6.0,-12.0,7.0,-14.0,8.0,-15.0,9.0,-16.0,10.0,-17.0,11.0,-16.0,10.0,-15.0,10.0,-14.0,10.0,-12.0,9.0,-10.0,6.0,-7.0,4.0,-5.0,2.0,-2.0,0.0,-1.0,-3.0,1.0,-6.0,4.0,-9.0
1.0809,122.0,-96.0,7.0,0.0,0.0,0.0,0.0,0.0,0.0,0.0,0.0,0.0,5.0,-14.0,5.0,-14.0,4.0,-14.0,4.0,-14.0,4.0,-14.0,4.0,-14.0,4.0,-14.0,5.0,-13.0,4.0,-13.0,4.0,-14.0,4.0,-13.0,4.0,-13.0,4.0,-14.0,4.0,-14.0,4.0,-14.0,4.0,-13.0,4.0,-13.0,4.0,-13.0,4.0,-13.0,3.0,-13.0,4.0,-13.0,3.0,-13.0,3.0,-13.0,4.0,-13.0,3.0,-12.0,3.0,-12.0
1.1012,122.0,-96.0,7.0,0.0,0.0,0.0,0.0,0.0,0.0,0.0,0.0,0.0,-8.0,-1.0,-11.0,-2.0,-14.0,-2.0,-17.0,-2.0,-19.0,-3.0,-20.0,-3.0,-21.0,-3.0,-20.0,-2.0,-19.0,-2.0,-17.0,-2.0,-15.0,-2.0,-12.0,-2.0,-8.0,-2.0,-5.0,-3.0,-2.0,-2.0,2.0,-3.0,5.0,-4.0,8.0,-5.0,11.0,-6.0,13.0,-7.0,15.0,-8.0,16.0,-9.0,16.0,-9.0,16.0,-9.0,15.0,-9.0,13.0,-9.0
1.1265,122.0,-96.0,7.0,0.0,0.0,0.0,0.0,0.0,0.0,0.0,0.0,0.0,-5.0,-8.0,-2.0,-5.0,1.0,-3.0,4.0,-1.0,7.0,2.0,10.0,3.0,12.0,5.0,15.0,6.0,16.0,7.0,17.0,7.0,18.0,6.0,18.0,6.0,17.0,6.0,15.0,5.0,13.0,4.0,10.0,3.0,7.0,2.0,4.0,1.0,0.0,1.0,-4.0,1.0,-7.0,1.0,-11.0,2.0,-14.0,3.0,-16.0,2.0,-17.0,3.0,-18.0,5.0
1.1514,122.0,-96.0,7.0,0.0,0.0,0.0,0.0,0.0,0.0,0.0,0.0,0.0,-18.0,8.0,-16.0,7.0,-14.0,6.0,-11.0,4.0,-9.0,2.0,-6.0,0.0,-2.0,-2.0,1.0,-5.0,3.0,-7.0,5.0,-10.0,8.0,-12.0,9.0,-14.0,10.0,-15.0,10.0,-17.0,10.0,-17.0,10.0,-17.0,9.0,-16.0,8.0,-15.0,6.0,-12.0,5.0,-10.0,4.0,-7.0,3.0,-3.0,1.0,0.0,0.0,3.0,0.0,7.0,-1.0,10.0
1.1639,122.0,-96.0,7.0,0.0,0.0,0.0,0.0,0.0,0.0,0.0,0.0,0.0,10.0,4.0,12.0,4.0,10.0,5.0,11.0,5.0,10.0,5.0,11.0,5.0,9.0,6.0,11.0,5.0,10.0,5.0,10.0,5.0,9.0,5.0,9.0,5.0,9.0,5.0,9.0,5.0,9.0,5.0,9.0,5.0,8.0,5.0,9.0,5.0,8.0,5.0,7.0,5.0,7.0,4.0,7.0,5.0,7.0,4.0,7.0,4.0,6.0,4.0,6.0,4.0
1.1859,122.0,-96.0,7.0,0.0,0.0,0.0,0.0,0.0,0.0,0.0,0.0,0.0,8.0,3.0,3.0,2.0,0.0,2.0,-4.0,2.0,-8.0,3.0,-11.0,3.0,-15.0,3.0,-17.0,4.0,-19.0,4.0,-19.0,5.0,-19.0,6.0,-19.0,6.0,-17.0,5.0,-16.0,5.0,-13.0,4.0,-11.0,3.0,-8.0,2.0,-5.0,0.0,-2.0,-2.0,1.0,-4.0,4.0,-6.0,6.0,-8.0,8.0,-11.0,9.0,-12.0,9.0,-14.0,11.0,-16.0
1.2013,122.0,-96.0,7.0,0.0,0.0,0.0,0.0,0.0,0.0,0.0,0.0,0.0,-14.0,-12.0,-14.0,-13.0,-14.0,-13.0,-14.0,-13.0,-14.0,-13.0,-14.0,-13.0,-14.0,-13.0,-13.0,-13.0,-13.0,-13.0,-12.0,-13.0,-13.0,-13.0,-12.0,-13.0,-12.0,-13.0,-12.0,-13.0,-12.0,-13.0,-11.0,-13.0,-10.0,-12.0,-11.0,-12.0,-10.0,-12.0,-10.0,-12.0,-9.0,-12.0,-9.0,-11.0,-9.0,-11.0,-9.0,-10.0,-8.0,-10.0,-8.0,-9.0
1.2145,122.0,-96.0,7.0,0.0,0.0,0.0,0.0,0.0,0.0,0.0,0.0,0.0,4.0,-13.0,4.0,-13.0,4.0,-13.0,4.0,-13.0,4.0,-13.0,4.0,-13.0,4.0,-13.0,5.0,-13.0,4.0,-12.0,5.0,-12.0,5.0,-12.0,5.0,-12.0,5.0,-11.0,5.0,-11.0,5.0,-11.0,5.0,-11.0,5.0,-11.0,5.0,-11.0,5.0,-10.0,5.0,-10.0,5.0,-9.0,5.0,-9.0,5.0,-9.0,4.0,-9.0,4.0,-8.0,4.0,-8.0
1.2383,122.0,-96.0,7.0,0.0,0.0,0.0,0.0,0.0,0.0,0.0,0.0,0.0,15.0,-12.0,16.0,-13.0,16.0,-12.0,15.0,-12.0,15.0,-12.0,13.0,-11.0,11.0,-10.0,9.0,-7.0,6.0,-5.0,4.0,-2.0,2.0,1.0,-1.0,4.0,-3.0,6.0,-5.0,9.0,-7.0,12.0,-7.0,14.0,-8.0,15.0,-8.0,17.0,-9.0,16.0,-8.0,17.0,-8.0,16.0,-6.0,14.0,-5.0,13.0,-5.0,10.0,-4.0,6.0,-2.0,3.0
1.2533,122.0,-96.0,7.0,0.0,0.0,0.0,0.0,0.0,0.0,0.0,0.0,0.0,-10.0,15.0,-11.0,15.0,-11.0,15.0,-11.0,15.0,-11.0,14.0,-11.0,15.0,-11.0,14.0,-11.0,15.0,-12.0,13.0,-11.0,13.0,-11.0,13.0,-11.0,13.0,-11.0,12.0,-11.0,12.0,-11.0,12.0,-11.0,11.0,-10.0,11.0,-11.0,11.0,-11.0,11.0,-11.0,10.0,-10.0,9.0,-10.0,9.0,-9.0,9.0,-9.0,9.0,-9.0,8.0,-9.0,8.0
1.2755,122.0,-96.0,7.0,0.0,0.0,0.0,0.0,0.0,0.0,0.0,0.0,0.0,-2.0,8.0,-4.0,10.0,-5.0,13.0,-5.0,15.0,-6.0,17.0,-7.0,18.0,-6.0,19.0,-6.0,18.0,-6.0,17.0,-5.0,16.0,-4.0,13.0,-4.0,10.0,-3.0,8.0,-3.0,4.0,-2.0,1.0,-3.0,-3.0,-3.0,-7.0,-3.0,-10.0,-4.0,-12.0,-5.0,-15.0,-5.0,-17.0,-6.0,-18.0,-7.0,-19.0,-7.0,-18.0,-7.0,-17.0,-7.0,-16.0
1.2993,122.0,-96.0,7.0,0.0,0.0,0.0,0.0,0.0,0.0,0.0,0.0,0.0,11.0,11.0,12.0,13.0,12.0,12.0,12.0,12.0,12.0,11.0,10.0,11.0,9.0,9.0,7.0,7.0,4.0,5.0,2.0,4.0,-1.0,2.0,-4.0,0.0,-7.0,-1.0,-9.0,-2.0,-12.0,-3.0,-14.0,-5.0,-15.0,-5.0,-16.0,-5.0,-17.0,-5.0,-17.0,-4.0,-16.0,-4.0,-15.0,-3.0,-13.0,-3.0,-11.0,-2.0,-8.0,-2.0,-5.0,-2.0
1.3227,122.0,-96.0,7.0,0.0,0.0,0.0,0.0,0.0,0.0,0.0,0.0,0.0,3.0,-8.0,6.0,-10.0,8.0,-11.0,10.0,-14.0,11.0,-15.0,11.0,-16.0,12.0,-16.0,11.0,-17.0,10.0,-16.0,9.0,-14.0,9.0,-12.0,7.0,-10.0,5.0,-7.0,3.0,-4.0,1.0,-1.0,1.0,3.0,0.0,7.0,-2.0,10.0,-2.0,12.0,-2.0,14.0,-2.0,16.0,-2.0,17.0,-1.0,19.0,-2.0,18.0,-1.0,17.0,-1.0,16.0
1.3459,122.0,-96.0,7.0,0.0,0.0,0.0,0.0,0.0,0.0,0.0,0.0,0.0,2.0,7.0,3.0,10.0,4.0,12.0,4.0,15.0,5.0,17.0,5.0,19.0,5.0,19.0,6.0,18.0,5.0,17.0,5.0,16.0,4.0,13.0,3.0,10.0,2.0,8.0,0.0,5.0,-2.0,2.0,-4.0,-2.0,-6.0,-5.0,-8.0,-7.0,-10.0,-9.0,-12.0,-10.0,-14.0,-11.0,-14.0,-12.0,-16.0,-12.0,-15.0,-12.0,-15.0,-11.0,-14.0,-10.0
1.3616,122.0,-96.0,7.0,0.0,0.0,0.0,0.0,0.0,0.0,0.0,0.0,0.0,-16.0,-5.0,-16.0,-5.0,-15.0,-5.0,-15.0,-5.0,-15.0,-5.0,-16.0,-5.0,-15.0,-5.0,-15.0,-5.0,-15.0,-5.0,-14.0,-5.0,-14.0,-5.0,-14.0,-6.0,-14.0,-6.0,-14.0,-6.0,-13.0,-5.0,-13.0,-6.0,-13.0,-5.0,-13.0,-6.0,-12.0,-6.0,-12.0,-5.0,-12.0,-6.0,-11.0,-5.0,-11.0,-6.0,-10.0,-5.0,-10.0,-5.0,-10.0,-5.0
1.3845,122.0,-96.0,7.0,0.0,0.0,0.0,0.0,0.0,0.0,0.0,0.0,0.0,14.0,8.0,15.0,8.0,16.0,8.0,16.0,7.0,15.0,7.0,13.0,7.0,11.0,5.0,9.0,5.0,6.0,3.0,3.0,3.0,0.0,2.0,-3.0,1.0,-6.0,1.0,-10.0,1.0,-12.0,1.0,-14.0,0.0,-16.0,0.0,-17.0,1.0,-17.0,1.0,-17.0,2.0,-16.0,2.0,-15.0,2.0,-13.0,2.0,-11.0,1.0,-8.0,1.0,-5.0,0.0
1.4067,122.0,-96.0,7.0,0.0,0.0,0.0,0.0,0.0,0.0,0.0,0.0,0.0,-6.0,5.0,-10.0,5.0,-13.0,7.0,-15.0,8.0,-17.0,8.0,-18.0,9.0,-18.0,9.0,-17.0,10.0,-16.0,9.0,-15.0,8.0,-13.0,7.0,-11.0,6.0,-8.0,4.0,-5.0,1.0,-3.0,-1.0,0.0,-4.0,2.0,-7.0,4.0,-10.0,5.0,-12.0,7.0,-14.0,7.0,-16.0,7.0,-17.0,7.0,-18.0,7.0,-17.0,6.0,-17.0,5.0,-16.0
1.4309,122.0,-96.0,7.0,0.0,0.0,0.0,0.0,0.0,0.0,0.0,0.0,0.0,-4.0,-8.0,-4.0,-12.0,-4.0,-14.0,-5.0,-17.0,-5.0,-18.0,-6.0,-20.0,-6.0,-20.0,-6.0,-19.0,-6.0,-18.0,-5.0,-17.0,-5.0,-14.0,-4.0,-11.0,-2.0,-9.0,-1.0,-6.0,1.0,-3.0,3.0,1.0,5.0,4.0,7.0,6.0,9.0,8.0,11.0,9.0,12.0,10.0,13.0,11.0,14.0,11.0,14.0,11.0,14.0,10.0,13.0,9.0
1.4544,122.0,-96.0,7.0,0.0,0.0,0.0,0.0,0.0,0.0,0.0,0.0,0.0,-17.0,-10.0,-18.0,-10.0,-18.0,-10.0,-19.0,-9.0,-18.0,-9.0,-15.0,-9.0,-14.0,-7.0,-11.0,-7.0,-8.0,-5.0,-4.0,-4.0,-1.0,-3.0,3.0,-2.0,6.0,-2.0,10.0,-1.0,13.0,-1.0,15.0,0.0,17.0,0.0,18.0,-1.0,19.0,-1.0,19.0,-1.0,18.0,-1.0,16.0,-1.0,14.0,-2.0,11.0,-2.0,8.0,-1.0,5.0,0.0
1.4778,122.0,-96.0,7.0,0.0,0.0,0.0,0.0,0.0,0.0,0.0,0.0,0.0,7.0,-3.0,11.0,-2.0,14.0,-2.0,17.0,-2.0,18.0,-3.0,19.0,-3.0,20.0,-3.0,19.0,-3.0,18.0,-3.0,16.0,-3.0,14.0,-3.0,11.0,-2.0,7.0,-1.0,4.0,0.0,1.0,1.0,-2.0,2.0,-5.0,4.0,-8.0,6.0,-11.0,8.0,-13.0,9.0,-14.0,10.0,-15.0,11.0,-15.0,12.0,-14.0,12.0,-13.0,12.0,-12.0,11.0
1.4991,122.0,-96.0,7.0,0.0,0.0,0.0,0.0,0.0,0.0,0.0,0.0,0.0,3.0,8.0,1.0,5.0,-2.0,2.0,-5.0,-1.0,-8.0,-3.0,-10.0,-5.0,-13.0,-7.0,-15.0,-9.0,-16.0,-9.0,-17.0,-10.0,-18.0,-10.0,-18.0,-9.0,-17.0,-9.0,-15.0,-8.0,-13.0,-7.0,-11.0,-5.0,-8.0,-4.0,-5.0,-3.0,-1.0,-3.0,3.0,-2.0,6.0,-2.0,9.0,-1.0,12.0,-2.0,14.0,-1.0,16.0,-2.0,17.0,-3.0
1.5228,122.0,-96.0,7.0,0.0,0.0,0.0,0.0,0.0,0.0,0.0,0.0,0.0,-17.0,9.0,-15.0,8.0,-13.0,7.0,-11.0,5.0,-8.0,3.0,-6.0,1.0,-2.0,-2.0,0.0,-5.0,3.0,-8.0,4.0,-11.0,6.0,-13.0,8.0,-14.0,8.0,-16.0,8.0,-17.0,8.0,-18.0,8.0,-18.0,7.0,-17.0,6.0,-15.0,5.0,-13.0,4.0,-10.0,4.0,-7.0,2.0,-4.0,1.0,-1.0,1.0,3.0,1.0,6.0,0.0,10.0
1.538,122.0,-96.0,7.0,0.0,0.0,0.0,0.0,0.0,0.0,0.0,0.0,0.0,-13.0,-7.0,-13.0,-7.0,-13.0,-7.0,-12.0,-7.0,-12.0,-7.0,-13.0,-7.0,-12.0,-7.0,-12.0,-7.0,-12.0,-7.0,-11.0,-8.0,-11.0,-8.0,-11.0,-8.0,-11.0,-8.0,-11.0,-8.0,-11.0,-8.0,-10.0,-8.0,-10.0,-7.0,-10.0,-7.0,-9.0,-7.0,-9.0,-7.0,-9.0,-7.0,-8.0,-6.0,-9.0,-7.0,-8.0,-7.0,-8.0,-7.0,-7.0,-6.0
1.5616,122.0,-96.0,7.0,0.0,0.0,0.0,0.0,0.0,0.0,0.0,0.0,0.0,-19.0,-10.0,-18.0,-9.0,-16.0,-8.0,-12.0,-6.0,-9.0,-5.0,-4.0,-5.0,0.0,-3.0,5.0,-3.0,8.0,-2.0,11.0,-2.0,15.0,-3.0,18.0,-2.0,19.0,-3.0,20.0,-3.0,21.0,-4.0,21.0,-4.0,19.0,-4.0,17.0,-3.0,15.0,-4.0,11.0,-3.0,8.0,-2.0,4.0,0.0,0.0,1.0,-3.0,2.0,-6.0,4.0,-9.0,7.0
1.5835,122.0,-96.0,7.0,0.0,0.0,0.0,0.0,0.0,0.0,0.0,0.0,0.0,-7.0,5.0,-10.0,6.0,-12.0,7.0,-14.0,9.0,-16.0,10.0,-17.0,11.0,-17.0,11.0,-17.0,11.0,-15.0,10.0,-14.0,9.0,-13.0,8.0,-10.0,6.0,-7.0,4.0,-5.0,1.0,-2.0,-2.0,0.0,-5.0,2.0,-8.0,4.0,-11.0,5.0,-13.0,6.0,-15.0,7.0,-16.0,7.0,-17.0,7.0,-18.0,6.0,-18.0,5.0,-17.0,5.0,-15.0
1.5977,122.0,-96.0,7.0,0.0,0.0,0.0,0.0,0.0,0.0,0.0,0.0,0.0,-15.0,-7.0,-14.0,-7.0,-14.0,-7.0,-14.0,-8.0,-14.0,-8.0,-14.0,-8.0,-14.0,-8.0,-14.0,-7.0,-14.0,-8.0,-13.0,-8.0,-13.0,-8.0,-13.0,-8.0,-12.0,-8.0,-12.0,-8.0,-12.0,-8.0,-12.0,-8.0,-12.0,-8.0,-11.0,-8.0,-10.0,-8.0,-11.0,-8.0,-10.0,-7.0,-10.0,-7.0,-10.0,-7.0,-9.0,-7.0,-9.0,-7.0,-8.0,-7.0
1.6188,122.0,-96.0,7.0,0.0,0.0,0.0,0.0,0.0,0.0,0.0,0.0,0.0,4.0,-9.0,3.0,-5.0,3.0,-1.0,3.0,4.0,3.0,8.0,3.0,12.0,3.0,15.0,3.0,17.0,4.0,19.0,5.0,21.0,6.0,20.0,5.0,20.0,6.0,19.0,6.0,17.0,5.0,14.0,3.0,11.0,2.0,7.0,0.0,4.0,-2.0,1.0,-5.0,-2.0,-7.0,-5.0,-9.0,-8.0,-12.0,-10.0,-14.0,-11.0,-16.0,-12.0,-17.0,-12.0
1.6419,122.0,-96.0,7.0,0.0,0.0,0.0,0.0,0.0,0.0,0.0,0.0,0.0,1.0,17.0,1.0,17.0,2.0,17.0,1.0,16.0,1.0,16.0,1.0,15.0,1.0,13.0,0.0,10.0,0.0,7.0,-2.0,4.0,-2.0,1.0,-3.0,-2.0,-5.0,-5.0,-6.0,-8.0,-7.0,-10.0,-8.0,-13.0,-9.0,-14.0,-10.0,-15.0,-10.0,-14.0,-11.0,-14.0,-10.0,-13.0,-10.0,-12.0,-9.0,-11.0,-7.0,-8.0,-5.0,-6.0,-3.0,-4.0
1.654,122.0,-96.0,7.0,0.0,0.0,0.0,0.0,0.0,0.0,0.0,0.0,0.0,13.0,-2.0,13.0,-2.0,13.0,-2.0,13.0,-2.0,13.0,-2.0,13.0,-1.0,13.0,-2.0,13.0,-1.0,13.0,-1.0,13.0,-1.0,12.0,-1.0,12.0,-1.0,12.0,-1.0,12.0,-1.0,12.0,-1.0,12.0,-1.0,11.0,-1.0,11.0,-1.0,11.0,0.0,10.0,0.0,10.0,0.0,9.0,1.0,9.0,0.0,9.0,0.0,9.0,0.0,8.0,0.0
1.6772,122.0,-96.0,7.0,0.0,0.0,0.0,0.0,0.0,0.0,0.0,0.0,0.0,9.0,16.0,10.0,17.0,11.0,16.0,11.0,16.0,10.0,15.0,9.0,14.0,7.0,12.0,6.0,10.0,4.0,7.0,1.0,4.0,-1.0,2.0,-4.0,-1.0,-7.0,-3.0,-10.0,-5.0,-12.0,-7.0,-14.0,-8.0,-15.0,-9.0,-17.0,-10.0,-17.0,-9.0,-18.0,-8.0,-17.0,-8.0,-16.0,-7.0,-14.0,-6.0,-11.0,-5.0,-9.0,-4.0,-5.0,-3.0
1.6901,122.0,-96.0,7.0,0.0,0.0,0.0,0.0,0.0,0.0,0.0,0.0,0.0,-13.0,5.0,-13.0,5.0,-13.0,5.0,-13.0,5.0,-13.0,5.0,-13.0,5.0,-13.0,5.0,-13.0,5.0,-13.0,4.0,-13.0,4.0,-13.0,4.0,-13.0,4.0,-12.0,4.0,-12.0,3.0,-12.0,3.0,-12.0,3.0,-11.0,3.0,-12.0,3.0,-11.0,3.0,-11.0,2.0,-11.0,2.0,-10.0,2.0,-10.0,3.0,-10.0,2.0,-9.0,2.0,-9.0,2.0
1.7046,122.0,-96.0,7.0,0.0,0.0,0.0,0.0,0.0,0.0,0.0,0.0,0.0,0.0,20.0,0.0,21.0,-1.0,20.0,0.0,20.0,-1.0,20.0,-1.0,20.0,-1.0,20.0,-1.0,20.0,-1.0,19.0,-2.0,19.0,-1.0,19.0,-2.0,19.0,-2.0,18.0,-2.0,18.0,-2.0,18.0,-2.0,17.0,-3.0,18.0,-2.0,16.0,-2.0,16.0,-3.0,16.0,-2.0,15.0,-2.0,15.0,-2.0,14.0,-2.0,14.0,-2.0,13.0,-3.0,13.0
1.7266,122.0,-96.0,7.0,0.0,0.0,0.0,0.0,0.0,0.0,0.0,0.0,0.0,21.0,-3.0,18.0,-3.0,16.0,-2.0,13.0,-1.0,9.0,-1.0,4.0,0.0,0.0,2.0,-3.0,4.0,-7.0,5.0,-10.0,7.0,-13.0,9.0,-15.0,9.0,-17.0,11.0,-18.0,12.0,-18.0,12.0,-17.0,12.0,-16.0,12.0,-14.0,11.0,-13.0,9.0,-10.0,7.0,-8.0,5.0,-5.0,2.0,-2.0,-2.0,0.0,-5.0,2.0,-8.0,5.0,-11.0
1.7393,122.0,-96.0,7.0,0.0,0.0,0.0,0.0,0.0,0.0,0.0,0.0,0.0,15.0,0.0,15.0,0.0,15.0,-1.0,14.0,0.0,15.0,0.0,15.0,0.0,15.0,0.0,15.0,0.0,14.0,0.0,14.0,1.0,14.0,1.0,14.0,1.0,14.0,1.0,13.0,1.0,13.0,1.0,13.0,1.0,13.0,1.0,12.0,1.0,12.0,1.0,11.0,1.0,11.0,2.0,11.0,2.0,11.0,1.0,10.0,1.0,10.0,1.0,9.0,1.0
1.7604,122.0,-96.0,7.0,0.0,0.0,0.0,0.0,0.0,0.0,0.0,0.0,0.0,3.0,7.0,1.0,5.0,-2.0,2.0,-5.0,-1.0,-8.0,-4.0,-10.0,-6.0,-13.0,-7.0,-15.0,-9.0,-16.0,-10.0,-17.0,-10.0,-18.0,-10.0,-18.0,-9.0,-17.0,-9.0,-16.0,-8.0,-14.0,-7.0,-11.0,-6.0,-8.0,-4.0,-5.0,-3.0,-1.0,-3.0,2.0,-2.0,6.0,-2.0,9.0,-1.0,12.0,-2.0,14.0,-2.0,17.0,-2.0,17.0,-3.0
1.7862,122.0,-96.0,7.0,0.0,0.0,0.0,0.0,0.0,0.0,0.0,0.0,0.0,-14.0,-9.0,-16.0,-10.0,-16.0,-9.0,-16.0,-9.0,-15.0,-9.0,-13.0,-8.0,-12.0,-7.0,-9.0,-6.0,-7.0,-5.0,-4.0,-4.0,-1.0,-3.0,3.0,-2.0,6.0,-2.0,9.0,-1.0,11.0,-1.0,13.0,0.0,15.0,0.0,16.0,0.0,16.0,-1.0,16.0,-2.0,16.0,-2.0,14.0,-2.0,12.0,-2.0,10.0,-2.0,7.0,-1.0,4.0,0.0
1.798,122.0,-96.0,7.0,0.0,0.0,0.0,0.0,0.0,0.0,0.0,0.0,0.0,4.0,-18.0,4.0,-18.0,5.0,-18.0,4.0,-18.0,5.0,-18.0,4.0,-18.0,5.0,-18.0,5.0,-18.0,5.0,-18.0,5.0,-17.0,5.0,-17.0,5.0,-17.0,5.0,-16.0,5.0,-16.0,5.0,-15.0,6.0,-16.0,5.0,-15.0,5.0,-15.0,5.0,-14.0,5.0,-14.0,5.0,-13.0,5.0,-13.0,5.0,-13.0,4.0,-13.0,4.0,-12.0,5.0,-11.0
1.8207,122.0,-96.0,7.0,0.0,0.0,0.0,0.0,0.0,0.0,0.0,0.0,0.0,-8.0,3.0,-11.0,3.0,-14.0,3.0,-17.0,4.0,-19.0,4.0,-19.0,5.0,-20.0,4.0,-20.0,5.0,-19.0,5.0,-17.0,4.0,-15.0,4.0,-12.0,3.0,-8.0,2.0,-5.0,0.0,-2.0,-2.0,1.0,-4.0,3.0,-6.0,6.0,-8.0,8.0,-10.0,10.0,-12.0,11.0,-13.0,12.0,-14.0,12.0,-15.0,11.0,-15.0,10.0,-14.0,9.0,-14.0
1.8432,122.0,-96.0,7.0,0.0,0.0,0.0,0.0,0.0,0.0,0.0,0.0,0.0,18.0,-2.0,17.0,-2.0,15.0,-1.0,12.0,-1.0,8.0,0.0,4.0,1.0,0.0,2.0,-4.0,3.0,-7.0,4.0,-9.0,6.0,-12.0,7.0,-14.0,8.0,-15.0,10.0,-16.0,11.0,-16.0,11.0,-16.0,10.0,-14.0,11.0,-13.0,9.0,-12.0,8.0,-9.0,6.0,-7.0,4.0,-4.0,2.0,-2.0,-2.0,0.0,-4.0,1.0,-7.0,4.0,-10.0
1.8636,122.0,-96.0,7.0,0.0,0.0,0.0,0.0,0.0,0.0,0.0,0.0,0.0,-5.0,6.0,-7.0,8.0,-10.0,10.0,-11.0,12.0,-13.0,13.0,-14.0,14.0,-13.0,14.0,-13.0,15.0,-12.0,14.0,-11.0,13.0,-10.0,11.0,-8.0,8.0,-6.0,6.0,-4.0,3.0,-2.0,0.0,-1.0,-4.0,0.0,-7.0,1.0,-10.0,2.0,-13.0,2.0,-15.0,2.0,-17.0,1.0,-18.0,2.0,-20.0,1.0,-19.0,0.0,-18.0,1.0,-17.0
1.8772,122.0,-96.0,7.0,0.0,0.0,0.0,0.0,0.0,0.0,0.0,0.0,0.0,6.0,10.0,6.0,10.0,6.0,10.0,6.0,10.0,5.0,10.0,5.0,11.0,5.0,10.0,5.0,10.0,5.0,10.0,5.0,10.0,5.0,10.0,4.0,10.0,4.0,10.0,4.0,10.0,4.0,9.0,4.0,9.0,4.0,9.0,3.0,9.0,3.0,9.0,3.0,9.0,2.0,9.0,3.0,8.0,2.0,8.0,2.0,8.0,2.0,7.0,2.0,7.0
1.899,122.0,-96.0,7.0,0.0,0.0,0.0,0.0,0.0,0.0,0.0,0.0,0.0,16.0,-11.0,14.0,-10.0,12.0,-8.0,10.0,-6.0,7.0,-4.0,4.0,-2.0,1.0,1.0,-2.0,4.0,-4.0,7.0,-5.0,9.0,-8.0,12.0,-9.0,13.0,-9.0,15.0,-9.0,16.0,-9.0,17.0,-9.0,16.0,-8.0,16.0,-7.0,14.0,-7.0,12.0,-5.0,9.0,-4.0,6.0,-3.0,3.0,-2.0,-1.0,-2.0,-4.0,-2.0,-7.0,-1.0,-11.0
1.9194,122.0,-96.0,7.0,0.0,0.0,0.0,0.0,0.0,0.0,0.0,0.0,0.0,-8.0,-2.0,-11.0,-4.0,-14.0,-4.0,-17.0,-5.0,-18.0,-6.0,-19.0,-6.0,-20.0,-6.0,-19.0,-6.0,-19.0,-5.0,-16.0,-5.0,-14.0,-4.0,-11.0,-3.0,-8.0,-3.0,-4.0,-3.0,-1.0,-3.0,3.0,-2.0,7.0,-3.0,9.0,-3.0,13.0,-4.0,15.0,-5.0,16.0,-6.0,17.0,-6.0,18.0,-6.0,17.0,-6.0,16.0,-7.0,14.0,-7.0
1.9427,122.0,-96.0,7.0,0.0,0.0,0.0,0.0,0.0,0.0,0.0,0.0,0.0,3.0,16.0,3.0,18.0,4.0,17.0,3.0,16.0,3.0,16.0,3.0,15.0,3.0,12.0,1.0,10.0,1.0,7.0,-1.0,4.0,-3.0,0.0,-4.0,-2.0,-6.0,-5.0,-7.0,-7.0,-9.0,-9.0,-10.0,-11.0,-11.0,-12.0,-12.0,-13.0,-12.0,-12.0,-13.0,-12.0,-12.0,-11.0,-11.0,-9.0,-10.0,-9.0,-8.0,-7.0,-6.0,-5.0,-3.0,-3.0
1.9665,122.0,-96.0,7.0,0.0,0.0,0.0,0.0,0.0,0.0,0.0,0.0,0.0,3.0,-8.0,6.0,-10.0,8.0,-12.0,9.0,-14.0,11.0,-15.0,12.0,-16.0,12.0,-17.0,11.0,-16.0,10.0,-15.0,9.0,-14.0,8.0,-12.0,6.0,-9.0,4.0,-7.0,3.0,-3.0,1.0,-1.0,0.0,3.0,0.0,7.0,-2.0,11.0,-2.0,13.0,-3.0,15.0,-2.0,17.0,-2.0,18.0,-2.0,19.0,-1.0,18.0,0.0,17.0,-1.0,15.0
1.9914,122.0,-96.0,7.0,0.0,0.0,0.0,0.0,0.0,0.0,0.0,0.0,0.0,-1.0,-22.0,-1.0,-20.0,-1.0,-17.0,0.0,-14.0,0.0,-10.0,1.0,-6.0,2.0,-2.0,4.0,3.0,5.0,6.0,6.0,10.0,8.0,12.0,8.0,15.0,10.0,17.0,11.0,17.0,11.0,18.0,11.0,17.0,11.0,16.0,10.0,14.0,9.0,12.0,6.0,9.0,4.0,6.0,1.0,3.0,-2.0,1.0,-5.0,-2.0,-8.0,-4.0,-10.0,-6.0
2.0111,122.0,-96.0,7.0,0.0,0.0,0.0,0.0,0.0,0.0,0.0,0.0,0.0,1.0,-9.0,1.0,-5.0,2.0,-1.0,3.0,2.0,4.0,6.0,5.0,9.0,6.0,12.0,7.0,14.0,8.0,15.0,9.0,17.0,9.0,17.0,9.0,16.0,9.0,16.0,8.0,14.0,7.0,12.0,5.0,9.0,3.0,6.0,1.0,3.0,-2.0,1.0,-4.0,-1.0,-7.0,-3.0,-10.0,-5.0,-12.0,-7.0,-14.0,-8.0,-16.0,-8.0,-17.0,-8.0
2.0249,122.0,-96.0,7.0,0.0,0.0,0.0,0.0,0.0,0.0,0.0,0.0,0.0,10.0,-9.0,10.0,-9.0,10.0,-9.0,10.0,-10.0,10.0,-9.0,10.0,-9.0,10.0,-9.0,10.0,-8.0,10.0,-8.0,10.0,-8.0,10.0,-8.0,10.0,-8.0,10.0,-7.0,10.0,-7.0,10.0,-7.0,10.0,-7.0,9.0,-7.0,10.0,-6.0,9.0,-6.0,9.0,-6.0,9.0,-5.0,8.0,-5.0,8.0,-5.0,8.0,-5.0,8.0,-5.0,7.0,-5.0
2.05,122.0,-96.0,7.0,0.0,0.0,0.0,0.0,0.0,0.0,0.0,0.0,0.0,-4.0,9.0,-3.0,4.0,-4.0,0.0,-4.0,-4.0,-5.0,-8.0,-5.0,-12.0,-6.0,-15.0,-6.0,-18.0,-7.0,-19.0,-8.0,-21.0,-9.0,-20.0,-9.0,-20.0,-9.0,-19.0,-8.0,-17.0,-7.0,-15.0,-5.0,-12.0,-4.0,-8.0,-1.0,-5.0,1.0,-2.0,3.0,1.0,7.0,4.0,9.0,7.0,12.0,8.0,14.0,9.0,16.0,9.0,16.0,10.0
2.0711,122.0,-96.0,7.0,0.0,0.0,0.0,0.0,0.0,0.0,0.0,0.0,0.0,18.0,5.0,16.0,5.0,14.0,4.0,11.0,3.0,8.0,3.0,3.0,2.0,-1.0,2.0,-4.0,2.0,-8.0,2.0,-11.0,3.0,-14.0,3.0,-16.0,3.0,-17.0,4.0,-19.0,4.0,-19.0,5.0,-19.0,4.0,-18.0,5.0,-16.0,5.0,-14.0,4.0,-12.0,3.0,-9.0,2.0,-6.0,1.0,-2.0,-2.0,0.0,-3.0,3.0,-5.0,6.0,-7.0
2.084,122.0,-96.0,7.0,0.0,0.0,0.0,0.0,0.0,0.0,0.0,0.0,0.0,14.0,5.0,14.0,6.0,13.0,5.0,14.0,6.0,14.0,6.0,14.0,7.0,13.0,6.0,14.0,6.0,13.0,6.0,12.0,6.0,13.0,6.0,12.0,6.0,12.0,6.0,12.0,6.0,11.0,7.0,11.0,6.0,11.0,6.0,11.0,6.0,10.0,7.0,9.0,6.0,10.0,6.0,9.0,6.0,9.0,6.0,9.0,5.0,8.0,5.0,8.0,5.0
2.0988,122.0,-96.0,7.0,0.0,0.0,0.0,0.0,0.0,0.0,0.0,0.0,0.0,-5.0,13.0,-4.0,13.0,-4.0,13.0,-5.0,12.0,-5.0,12.0,-5.0,12.0,-5.0,12.0,-4.0,12.0,-5.0,12.0,-5.0,11.0,-5.0,12.0,-5.0,11.0,-5.0,11.0,-5.0,11.0,-5.0,11.0,-5.0,10.0,-5.0,10.0,-5.0,10.0,-5.0,10.0,-5.0,10.0,-5.0,9.0,-5.0,9.0,-5.0,9.0,-4.0,8.0,-4.0,8.0,-4.0,8.0
2.1222,122.0,-96.0,7.0,0.0,0.0,0.0,0.0,0.0,0.0,0.0,0.0,0.0,-13.0,14.0,-14.0,15.0,-13.0,15.0,-13.0,15.0,-12.0,14.0,-12.0,13.0,-9.0,11.0,-8.0,9.0,-6.0,6.0,-5.0,2.0,-2.0,-1.0,-1.0,-5.0,0.0,-8.0,1.0,-11.0,2.0,-14.0,2.0,-17.0,2.0,-18.0,2.0,-19.0,2.0,-19.0,2.0,-19.0,2.0,-18.0,1.0,-16.0,0.0,-14.0,0.0,-11.0,0.0,-8.0,0.0,-5.0
2.1449,122.0,-96.0,7.0,0.0,0.0,0.0,0.0,0.0,0.0,0.0,0.0,0.0,4.0,7.0,1.0,4.0,-2.0,2.0,-5.0,0.0,-8.0,-2.0,-11.0,-4.0,-14.0,-5.0,-16.0,-6.0,-18.0,-6.0,-19.0,-7.0,-20.0,-6.0,-19.0,-6.0,-18.0,-5.0,-16.0,-5.0,-14.0,-4.0,-11.0,-3.0,-8.0,-3.0,-5.0,-2.0,-1.0,-2.0,3.0,-2.0,6.0,-3.0,9.0,-3.0,13.0,-4.0,14.0,-4.0,16.0,-5.0,17.0,-7.0
2.1675,122.0,-96.0,7.0,0.0,0.0,0.0,0.0,0.0,0.0,0.0,0.0,0.0,-4.0,19.0,-4.0,17.0,-3.0,14.0,-3.0,11.0,-3.0,8.0,-3.0,4.0,-3.0,0.0,-3.0,-4.0,-4.0,-7.0,-5.0,-11.0,-5.0,-13.0,-6.0,-16.0,-7.0,-17.0,-8.0,-18.0,-8.0,-18.0,-9.0,-18.0,-9.0,-17.0,-8.0,-15.0,-7.0,-12.0,-5.0,-10.0,-3.0,-7.0,-1.0,-5.0,0.0,-2.0,3.0,1.0,6.0,3.0,8.0,5.0
2.1894,122.0,-96.0,7.0,0.0,0.0,0.0,0.0,0.0,0.0,0.0,0.0,0.0,1.0,-9.0,3.0,-12.0,4.0,-14.0,5.0,-16.0,5.0,-18.0,6.0,-19.0,6.0,-20.0,6.0,-19.0,5.0,-18.0,4.0,-17.0,4.0,-14.0,3.0,-11.0,2.0,-8.0,2.0,-4.0,1.0,-1.0,2.0,3.0,2.0,7.0,2.0,10.0,3.0,12.0,3.0,15.0,4.0,16.0,5.0,17.0,5.0,18.0,5.0,17.0,6.0,16.0,5.0,14.0
2.2155,122.0,-96.0,7.0,0.0,0.0,0.0,0.0,0.0,0.0,0.0,0.0,0.0,-19.0,11.0,-17.0,10.0,-14.0,8.0,-12.0,6.0,-9.0,4.0,-6.0,1.0,-3.0,-2.0,0.0,-5.0,2.0,-8.0,4.0,-11.0,6.0,-14.0,7.0,-16.0,8.0,-18.0,8.0,-20.0,8.0,-20.0,8.0,-20.0,7.0,-19.0,6.0,-18.0,6.0,-15.0,4.0,-12.0,4.0,-9.0,3.0,-5.0,1.0,-1.0,1.0,2.0,1.0,6.0,1.0,10.0
2.2311,122.0,-96.0,7.0,0.0,0.0,0.0,0.0,0.0,0.0,0.0,0.0,0.0,5.0,-18.0,5.0,-18.0,5.0,-18.0,5.0,-18.0,5.0,-19.0,6.0,-18.0,5.0,-18.0,6.0,-17.0,6.0,-17.0,6.0,-17.0,5.0,-17.0,6.0,-16.0,6.0,-16.0,6.0,-16.0,6.0,-16.0,6.0,-15.0,6.0,-15.0,5.0,-15.0,6.0,-14.0,5.0,-14.0,5.0,-13.0,5.0,-13.0,5.0,-12.0,5.0,-12.0,5.0,-12.0,5.0,-11.0
2.2439,122.0,-96.0,7.0,0.0,0.0,0.0,0.0,0.0,0.0,0.0,0.0,0.0,-9.0,-14.0,-9.0,-13.0,-9.0,-14.0,-8.0,-14.0,-8.0,-14.0,-9.0,-14.0,-8.0,-14.0,-8.0,-14.0,-8.0,-13.0,-8.0,-13.0,-8.0,-13.0,-8.0,-14.0,-7.0,-13.0,-7.0,-13.0,-7.0,-13.0,-6.0,-13.0,-6.0,-12.0,-6.0,-12.0,-6.0,-12.0,-6.0,-12.0,-5.0,-12.0,-5.0,-11.0,-5.0,-11.0,-5.0,-10.0,-5.0,-10.0,-4.0,-10.0
2.2664,122.0,-96.0,7.0,0.0,0.0,0.0,0.0,0.0,0.0,0.0,0.0,0.0,6.0,1.0,8.0,3.0,11.0,4.0,13.0,5.0,14.0,6.0,16.0,7.0,16.0,7.0,16.0,6.0,15.0,6.0,13.0,5.0,12.0,4.0,9.0,3.0,6.0,3.0,3.0,3.0,0.0,2.0,-3.0,1.0,-6.0,1.0,-9.0,0.0,-12.0,1.0,-14.0,1.0,-15.0,2.0,-17.0,2.0,-17.0,2.0,-17.0,3.0,-16.0,3.0,-15.0,3.0
2.2798,122.0,-96.0,7.0,0.0,0.0,0.0,0.0,0.0,0.0,0.0,0.0,0.0,0.0,-13.0,0.0,-13.0,0.0,-13.0,0.0,-13.0,0.0,-13.0,0.0,-13.0,0.0,-12.0,0.0,-13.0,0.0,-12.0,1.0,-12.0,1.0,-12.0,1.0,-12.0,1.0,-11.0,1.0,-11.0,1.0,-11.0,1.0,-11.0,1.0,-11.0,1.0,-11.0,1.0,-10.0,1.0,-10.0,1.0,-10.0,1.0,-9.0,1.0,-9.0,1.0,-9.0,1.0,-8.0,1.0,-9.0
2.3014,122.0,-96.0,7.0,0.0,0.0,0.0,0.0,0.0,0.0,0.0,0.0,0.0,17.0,8.0,15.0,8.0,13.0,6.0,10.0,5.0,7.0,4.0,3.0,3.0,-1.0,2.0,-4.0,2.0,-8.0,1.0,-11.0,1.0,-14.0,1.0,-16.0,1.0,-18.0,1.0,-19.0,2.0,-20.0,2.0,-20.0,2.0,-19.0,2.0,-16.0,2.0,-15.0,2.0,-12.0,2.0,-9.0,1.0,-6.0,0.0,-2.0,-2.0,0.0,-3.0,3.0,-4.0,7.0,-7.0
2.3169,122.0,-96.0,7.0,0.0,0.0,0.0,0.0,0.0,0.0,0.0,0.0,0.0,-18.0,-6.0,-18.0,-7.0,-17.0,-6.0,-18.0,-7.0,-17.0,-7.0,-18.0,-7.0,-17.0,-7.0,-18.0,-7.0,-17.0,-8.0,-17.0,-7.0,-16.0,-8.0,-16.0,-8.0,-16.0,-7.0,-15.0,-7.0,-15.0,-7.0,-14.0,-8.0,-15.0,-8.0,-14.0,-7.0,-14.0,-7.0,-13.0,-8.0,-13.0,-7.0,-12.0,-7.0,-12.0,-7.0,-12.0,-7.0,-11.0,-7.0,-11.0,-6.0
2.3396,122.0,-96.0,7.0,0.0,0.0,0.0,0.0,0.0,0.0,0.0,0.0,0.0,-16.0,5.0,-17.0,6.0,-17.0,6.0,-17.0,6.0,-16.0,6.0,-15.0,5.0,-12.0,4.0,-10.0,3.0,-8.0,2.0,-5.0,0.0,-2.0,-2.0,1.0,-4.0,3.0,-6.0,5.0,-8.0,7.0,-10.0,9.0,-12.0,9.0,-13.0,10.0,-13.0,10.0,-14.0,10.0,-14.0,9.0,-13.0,8.0,-12.0,6.0,-10.0,5.0,-8.0,4.0,-6.0,2.0,-3.0
2.3651,122.0,-96.0,7.0,0.0,0.0,0.0,0.0,0.0,0.0,0.0,0.0,0.0,4.0,18.0,3.0,17.0,3.0,14.0,2.0,11.0,1.0,8.0,-1.0,5.0,-3.0,1.0,-5.0,-2.0,-7.0,-5.0,-8.0,-8.0,-10.0,-10.0,-11.0,-12.0,-13.0,-14.0,-13.0,-14.0,-14.0,-14.0,-14.0,-14.0,-14.0,-13.0,-12.0,-12.0,-11.0,-9.0,-8.0,-8.0,-6.0,-6.0,-3.0,-3.0,0.0,-2.0,4.0,0.0,6.0,1.0,9.0,2.0
2.3791,122.0,-96.0,7.0,0.0,0.0,0.0,0.0,0.0,0.0,0.0,0.0,0.0,-13.0,9.0,-12.0,9.0,-13.0,9.0,-13.0,9.0,-13.0,8.0,-13.0,8.0,-13.0,8.0,-13.0,8.0,-13.0,8.0,-13.0,8.0,-13.0,7.0,-13.0,7.0,-13.0,7.0,-12.0,7.0,-12.0,7.0,-13.0,6.0,-12.0,6.0,-12.0,6.0,-12.0,6.0,-11.0,5.0,-12.0,5.0,-11.0,5.0,-10.0,5.0,-10.0,4.0,-10.0,5.0,-9.0,4.0
2.4008,122.0,-96.0,7.0,0.0,0.0,0.0,0.0,0.0,0.0,0.0,0.0,0.0,5.0,-7.0,3.0,-4.0,2.0,0.0,2.0,4.0,1.0,7.0,1.0,11.0,0.0,14.0,0.0,16.0,0.0,18.0,1.0,19.0,2.0,19.0,2.0,18.0,3.0,18.0,3.0,16.0,2.0,13.0,1.0,10.0,0.0,7.0,-1.0,4.0,-2.0,0.0,-4.0,-3.0,-5.0,-6.0,-7.0,-9.0,-9.0,-11.0,-11.0,-12.0,-12.0,-13.0,-13.0,-14.0
2.4257,122.0,-96.0,7.0,0.0,0.0,0.0,0.0,0.0,0.0,0.0,0.0,0.0,-6.0,-7.0,-3.0,-5.0,1.0,-3.0,4.0,-2.0,7.0,1.0,11.0,2.0,13.0,3.0,16.0,3.0,18.0,4.0,18.0,4.0,19.0,3.0,19.0,3.0,17.0,3.0,15.0,2.0,13.0,2.0,11.0,1.0,7.0,1.0,4.0,1.0,0.0,1.0,-4.0,2.0,-7.0,3.0,-10.0,3.0,-13.0,5.0,-15.0,5.0,-16.0,6.0,-17.0,8.0
2.4493,122.0,-96.0,7.0,0.0,0.0,0.0,0.0,0.0,0.0,0.0,0.0,0.0,7.0,7.0,3.0,5.0,-1.0,3.0,-6.0,2.0,-10.0,0.0,-15.0,-1.0,-18.0,-2.0,-21.0,-2.0,-23.0,-2.0,-24.0,-2.0,-25.0,-2.0,-25.0,-1.0,-22.0,-1.0,-20.0,-1.0,-18.0,-1.0,-14.0,0.0,-10.0,-1.0,-6.0,-1.0,-2.0,-3.0,2.0,-4.0,7.0,-5.0,10.0,-7.0,13.0,-9.0,16.0,-10.0,17.0,-11.0,18.0,-14.0
2.4717,122.0,-96.0,7.0,0.0,0.0,0.0,0.0,0.0,0.0,0.0,0.0,0.0,7.0,-5.0,4.0,-2.0,3.0,1.0,0.0,4.0,-3.0,7.0,-5.0,10.0,-6.0,12.0,-7.0,15.0,-8.0,16.0,-7.0,17.0,-8.0,18.0,-8.0,17.0,-6.0,17.0,-5.0,16.0,-5.0,13.0,-5.0,10.0,-4.0,7.0,-3.0,4.0,-3.0,1.0,-2.0,-3.0,-3.0,-6.0,-2.0,-10.0,-3.0,-13.0,-4.0,-15.0,-4.0,-17.0,-5.0,-18.0
2.4873,122.0,-96.0,7.0,0.0,0.0,0.0,0.0,0.0,0.0,0.0,0.0,0.0,-14.0,-9.0,-14.0,-9.0,-14.0,-9.0,-14.0,-9.0,-13.0,-9.0,-14.0,-9.0,-13.0,-9.0,-13.0,-9.0,-13.0,-9.0,-12.0,-9.0,-12.0,-9.0,-12.0,-9.0,-11.0,-9.0,-12.0,-10.0,-11.0,-9.0,-11.0,-9.0,-11.0,-9.0,-11.0,-9.0,-10.0,-9.0,-10.0,-8.0,-10.0,-8.0,-9.0,-8.0,-9.0,-8.0,-9.0,-8.0,-8.0,-8.0,-8.0,-7.0
2.5098,122.0,-96.0,7.0,0.0,0.0,0.0,0.0,0.0,0.0,0.0,0.0,0.0,-11.0,-16.0,-10.0,-15.0,-9.0,-13.0,-7.0,-10.0,-5.0,-8.0,-2.0,-6.0,1.0,-3.0,4.0,-1.0,7.0,2.0,10.0,4.0,13.0,5.0,15.0,6.0,16.0,6.0,17.0,6.0,18.0,6.0,17.0,6.0,17.0,5.0,15.0,5.0,13.0,3.0,10.0,2.0,7.0,2.0,3.0,1.0,-1.0,2.0,-4.0,1.0,-7.0,1.0,-11.0,2.0
2.5333,122.0,-96.0,7.0,0.0,0.0,0.0,0.0,0.0,0.0,0.0,0.0,0.0,8.0,0.0,11.0,0.0,14.0,1.0,17.0,2.0,18.0,2.0,19.0,2.0,19.0,2.0,19.0,2.0,18.0,2.0,16.0,1.0,14.0,1.0,11.0,1.0,7.0,1.0,3.0,2.0,0.0,2.0,-3.0,2.0,-7.0,3.0,-10.0,4.0,-13.0,5.0,-15.0,6.0,-17.0,7.0,-18.0,7.0,-18.0,8.0,-17.0,7.0,-16.0,7.0,-15.0,7.0
2.5569,122.0,-96.0,7.0,0.0,0.0,0.0,0.0,0.0,0.0,0.0,0.0,0.0,3.0,-17.0,3.0,-18.0,2.0,-18.0,2.0,-18.0,2.0,-17.0,2.0,-16.0,1.0,-14.0,1.0,-11.0,1.0,-8.0,2.0,-5.0,2.0,-1.0,2.0,2.0,2.0,5.0,3.0,8.0,4.0,10.0,4.0,13.0,5.0,14.0,6.0,16.0,6.0,15.0,6.0,15.0,6.0,14.0,5.0,13.0,5.0,11.0,4.0,8.0,3.0,6.0,2.0,4.0
2.58,122.0,-96.0,7.0,0.0,0.0,0.0,0.0,0.0,0.0,0.0,0.0,0.0,14.0,-7.0,16.0,-8.0,16.0,-8.0,16.0,-8.0,15.0,-7.0,14.0,-8.0,11.0,-6.0,9.0,-5.0,6.0,-3.0,4.0,-1.0,1.0,1.0,-1.0,3.0,-4.0,5.0,-6.0,7.0,-8.0,9.0,-8.0,10.0,-10.0,11.0,-11.0,12.0,-11.0,13.0,-11.0,13.0,-10.0,12.0,-9.0,11.0,-7.0,10.0,-6.0,8.0,-5.0,6.0,-3.0,4.0
2.6031,122.0,-96.0,7.0,0.0,0.0,0.0,0.0,0.0,0.0,0.0,0.0,0.0,7.0,2.0,10.0,4.0,12.0,6.0,15.0,7.0,16.0,8.0,17.0,8.0,18.0,8.0,17.0,8.0,17.0,7.0,14.0,6.0,13.0,5.0,10.0,4.0,7.0,4.0,3.0,3.0,0.0,2.0,-3.0,1.0,-7.0,0.0,-10.0,0.0,-13.0,1.0,-16.0,1.0,-17.0,2.0,-19.0,2.0,-19.0,3.0,-18.0,3.0,-18.0,3.0,-16.0,3.0
2.6252,122.0,-96.0,7.0,0.0,0.0,0.0,0.0,0.0,0.0,0.0,0.0,0.0,-5.0,6.0,-8.0,8.0,-10.0,9.0,-12.0,11.0,-14.0,13.0,-14.0,14.0,-14.0,14.0,-14.0,14.0,-13.0,13.0,-12.0,12.0,-11.0,10.0,-9.0,8.0,-6.0,5.0,-5.0,3.0,-3.0,0.0,-2.0,-4.0,0.0,-7.0,1.0,-10.0,2.0,-13.0,3.0,-15.0,3.0,-17.0,3.0,-18.0,3.0,-19.0,3.0,-19.0,2.0,-18.0,1.0,-17.0
2.6375,122.0,-96.0,7.0,0.0,0.0,0.0,0.0,0.0,0.0,0.0,0.0,0.0,4.0,12.0,4.0,13.0,4.0,12.0,4.0,13.0,4.0,12.0,3.0,13.0,3.0,12.0,3.0,13.0,3.0,12.0,3.0,12.0,3.0,12.0,2.0,12.0,2.0,12.0,2.0,12.0,2.0,12.0,2.0,11.0,1.0,11.0,2.0,11.0,1.0,11.0,1.0,11.0,1.0,10.0,1.0,10.0,1.0,9.0,0.0,9.0,0.0,9.0,1.0,8.0
2.661,122.0,-96.0,7.0,0.0,0.0,0.0,0.0,0.0,0.0,0.0,0.0,0.0,8.0,-15.0,9.0,-16.0,9.0,-16.0,8.0,-15.0,8.0,-15.0,7.0,-14.0,6.0,-12.0,5.0,-10.0,3.0,-7.0,3.0,-4.0,2.0,-1.0,1.0,2.0,0.0,5.0,0.0,8.0,-1.0,11.0,0.0,14.0,-1.0,15.0,0.0,16.0,0.0,16.0,0.0,16.0,0.0,15.0,0.0,14.0,1.0,13.0,0.0,10.0,0.0,7.0,0.0,4.0
2.6753,122.0,-96.0,7.0,0.0,0.0,0.0,0.0,0.0,0.0,0.0,0.0,0.0,-1.0,18.0,-2.0,18.0,-2.0,18.0,-1.0,17.0,-2.0,18.0,-2.0,18.0,-2.0,18.0,-2.0,18.0,-3.0,17.0,-3.0,17.0,-2.0,17.0,-3.0,17.0,-3.0,16.0,-3.0,16.0,-3.0,16.0,-3.0,15.0,-3.0,15.0,-3.0,15.0,-3.0,14.0,-3.0,14.0,-3.0,14.0,-3.0,13.0,-3.0,13.0,-3.0,12.0,-3.0,12.0,-3.0,11.0
2.688,122.0,-96.0,7.0,0.0,0.0,0.0,0.0,0.0,0.0,0.0,0.0,0.0,9.0,10.0,9.0,10.0,9.0,10.0,9.0,10.0,8.0,10.0,8.0,10.0,8.0,10.0,8.0,10.0,7.0,10.0,7.0,10.0,7.0,10.0,7.0,10.0,7.0,10.0,7.0,10.0,6.0,9.0,7.0,10.0,6.0,9.0,6.0,9.0,6.0,9.0,5.0,9.0,5.0,8.0,5.0,8.0,5.0,8.0,5.0,8.0,4.0,8.0,4.0,7.0
2.7034,122.0,-96.0,7.0,0.0,0.0,0.0,0.0,0.0,0.0,0.0,0.0,0.0,-11.0,18.0,-11.0,18.0,-11.0,17.0,-12.0,17.0,-11.0,17.0,-12.0,17.0,-12.0,16.0,-12.0,17.0,-12.0,16.0,-11.0,16.0,-12.0,16.0,-12.0,15.0,-11.0,14.0,-12.0,15.0,-11.0,14.0,-12.0,14.0,-11.0,14.0,-11.0,14.0,-11.0,13.0,-11.0,13.0,-11.0,12.0,-10.0,12.0,-10.0,11.0,-10.0,11.0,-9.0,10.0,-9.0,10.0
2.7165,122.0,-96.0,7.0,0.0,0.0,0.0,0.0,0.0,0.0,0.0,0.0,0.0,13.0,4.0,13.0,4.0,13.0,4.0,12.0,4.0,13.0,4.0,13.0,4.0,12.0,4.0,12.0,4.0,12.0,5.0,11.0,4.0,12.0,4.0,11.0,5.0,11.0,5.0,11.0,4.0,11.0,4.0,11.0,5.0,10.0,4.0,10.0,5.0,10.0,5.0,9.0,4.0,9.0,4.0,8.0,4.0,8.0,4.0,8.0,4.0,8.0,4.0,7.0,4.0
2.7381,122.0,-96.0,7.0,0.0,0.0,0.0,0.0,0.0,0.0,0.0,0.0,0.0,-8.0,-2.0,-12.0,-3.0,-14.0,-4.0,-17.0,-5.0,-18.0,-5.0,-20.0,-5.0,-20.0,-5.0,-19.0,-5.0,-19.0,-4.0,-16.0,-5.0,-14.0,-4.0,-12.0,-3.0,-8.0,-3.0,-4.0,-3.0,-1.0,-3.0,2.0,-3.0,7.0,-3.0,9.0,-3.0,13.0,-4.0,15.0,-5.0,16.0,-6.0,17.0,-7.0,17.0,-7.0,17.0,-7.0,16.0,-7.0,14.0,-7.0
2.763,122.0,-96.0,7.0,0.0,0.0,0.0,0.0,0.0,0.0,0.0,0.0,0.0,3.0,6.0,4.0,10.0,5.0,12.0,6.0,15.0,7.0,16.0,7.0,18.0,7.0,18.0,8.0,18.0,7.0,16.0,6.0,15.0,6.0,13.0,4.0,10.0,3.0,8.0,1.0,5.0,-2.0,2.0,-4.0,-1.0,-6.0,-4.0,-9.0,-7.0,-11.0,-8.0,-13.0,-9.0,-15.0,-10.0,-16.0,-10.0,-16.0,-10.0,-17.0,-10.0,-16.0,-9.0,-15.0,-8.0
2.7783,122.0,-96.0,7.0,0.0,0.0,0.0,0.0,0.0,0.0,0.0,0.0,0.0,-10.0,17.0,-11.0,18.0,-10.0,17.0,-11.0,17.0,-11.0,17.0,-11.0,18.0,-11.0,17.0,-11.0,17.0,-11.0,16.0,-11.0,16.0,-11.0,16.0,-12.0,16.0,-12.0,15.0,-11.0,14.0,-11.0,15.0,-12.0,13.0,-11.0,14.0,-11.0,13.0,-11.0,13.0,-11.0,13.0,-11.0,12.0,-10.0,11.0,-10.0,10.0,-10.0,11.0,-9.0,10.0,-9.0,10.0
2.8005,122.0,-96.0,7.0,0.0,0.0,0.0,0.0,0.0,0.0,0.0,0.0,0.0,17.0,-8.0,15.0,-8.0,14.0,-6.0,11.0,-5.0,8.0,-3.0,4.0,-1.0,1.0,1.0,-2.0,4.0,-4.0,6.0,-6.0,8.0,-9.0,11.0,-10.0,12.0,-11.0,14.0,-11.0,15.0,-11.0,15.0,-11.0,15.0,-10.0,15.0,-9.0,14.0,-8.0,12.0,-7.0,9.0,-5.0,7.0,-4.0,3.0,-2.0,0.0,-2.0,-3.0,-1.0,-7.0,0.0,-10.0
2.8228,122.0,-96.0,7.0,0.0,0.0,0.0,0.0,0.0,0.0,0.0,0.0,0.0,-8.0,-3.0,-11.0,-5.0,-13.0,-6.0,-16.0,-7.0,-17.0,-8.0,-18.0,-8.0,-19.0,-8.0,-19.0,-8.0,-18.0,-7.0,-16.0,-7.0,-14.0,-6.0,-11.0,-5.0,-8.0,-4.0,-4.0,-4.0,-1.0,-3.0,2.0,-2.0,6.0,-2.0,9.0,-2.0,12.0,-3.0,14.0,-4.0,16.0,-4.0,17.0,-5.0,18.0,-5.0,18.0,-5.0,17.0,-5.0,15.0,-5.0
2.8368,122.0,-96.0,7.0,0.0,0.0,0.0,0.0,0.0,0.0,0.0,0.0,0.0,14.0,-16.0,13.0,-16.0,14.0,-16.0,14.0,-16.0,14.0,-15.0,14.0,-15.0,14.0,-15.0,14.0,-15.0,14.0,-15.0,14.0,-14.0,14.0,-13.0,15.0,-13.0,14.0,-13.0,14.0,-12.0,13.0,-12.0,14.0,-12.0,13.0,-11.0,13.0,-12.0,13.0,-10.0,13.0,-11.0,12.0,-10.0,12.0,-10.0,12.0,-9.0,12.0,-9.0,11.0,-8.0,11.0,-8.0
2.8581,122.0,-96.0,7.0,0.0,0.0,0.0,0.0,0.0,0.0,0.0,0.0,0.0,-5.0,6.0,-8.0,8.0,-10.0,10.0,-11.0,12.0,-13.0,13.0,-14.0,15.0,-14.0,14.0,-13.0,15.0,-12.0,14.0,-11.0,13.0,-10.0,11.0,-8.0,8.0,-6.0,6.0,-4.0,3.0,-2.0,0.0,-2.0,-4.0,0.0,-7.0,1.0,-11.0,2.0,-13.0,2.0,-15.0,2.0,-17.0,2.0,-18.0,1.0,-19.0,1.0,-19.0,0.0,-18.0,0.0,-17.0
2.8731,122.0,-96.0,7.0,0.0,0.0,0.0,0.0,0.0,0.0,0.0,0.0,0.0,-1.0,-21.0,-1.0,-21.0,-1.0,-21.0,-1.0,-21.0,0.0,-22.0,0.0,-21.0,0.0,-21.0,0.0,-21.0,0.0,-21.0,1.0,-20.0,1.0,-20.0,1.0,-20.0,1.0,-19.0,1.0,-19.0,1.0,-19.0,1.0,-19.0,2.0,-18.0,1.0,-18.0,1.0,-17.0,1.0,-17.0,1.0,-16.0,2.0,-15.0,2.0,-16.0,2.0,-15.0,2.0,-14.0,1.0,-13.0
2.8962,122.0,-96.0,7.0,0.0,0.0,0.0,0.0,0.0,0.0,0.0,0.0,0.0,3.0,7.0,2.0,11.0,3.0,13.0,4.0,15.0,4.0,17.0,5.0,19.0,5.0,19.0,5.0,19.0,4.0,17.0,4.0,16.0,4.0,13.0,3.0,10.0,2.0,8.0,0.0,5.0,-1.0,2.0,-4.0,-2.0,-6.0,-5.0,-8.0,-7.0,-10.0,-9.0,-12.0,-11.0,-13.0,-12.0,-14.0,-13.0,-15.0,-13.0,-15.0,-12.0,-15.0,-11.0,-13.0,-10.0
2.9189,122.0,-96.0,7.0,0.0,0.0,0.0,0.0,0.0,0.0,0.0,0.0,0.0,-14.0,-13.0,-15.0,-14.0,-16.0,-13.0,-16.0,-13.0,-15.0,-12.0,-13.0,-12.0,-12.0,-10.0,-9.0,-9.0,-6.0,-7.0,-3.0,-5.0,0.0,-3.0,3.0,-1.0,6.0,-1.0,10.0,1.0,12.0,1.0,15.0,2.0,17.0,3.0,18.0,3.0,18.0,2.0,18.0,1.0,17.0,1.0,16.0,1.0,14.0,1.0,11.0,0.0,8.0,0.0,5.0,0.0
2.9427,122.0,-96.0,7.0,0.0,0.0,0.0,0.0,0.0,0.0,0.0,0.0,0.0,-8.0,-6.0,-4.0,-4.0,0.0,-4.0,3.0,-3.0,7.0,-2.0,10.0,-2.0,14.0,-1.0,16.0,-1.0,18.0,-1.0,19.0,-2.0,19.0,-3.0,19.0,-3.0,17.0,-3.0,16.0,-3.0,13.0,-3.0,11.0,-3.0,8.0,-2.0,5.0,-1.0,1.0,1.0,-2.0,2.0,-5.0,4.0,-8.0,5.0,-10.0,8.0,-11.0,9.0,-12.0,10.0,-14.0,12.0
2.9655,122.0,-96.0,7.0,0.0,0.0,0.0,0.0,0.0,0.0,0.0,0.0,0.0,-7.0,5.0,-10.0,6.0,-13.0,7.0,-15.0,8.0,-16.0,9.0,-18.0,10.0,-18.0,10.0,-17.0,10.0,-16.0,9.0,-14.0,8.0,-13.0,7.0,-10.0,5.0,-7.0,3.0,-5.0,1.0,-2.0,-2.0,0.0,-5.0,2.0,-7.0,5.0,-10.0,6.0,-12.0,7.0,-14.0,8.0,-16.0,8.0,-17.0,8.0,-18.0,8.0,-17.0,6.0,-16.0,6.0,-15.0
2.9873,122.0,-96.0,7.0,0.0,0.0,0.0,0.0,0.0,0.0,0.0,0.0,0.0,-16.0,-12.0,-14.0,-12.0,-12.0,-10.0,-10.0,-8.0,-7.0,-6.0,-3.0,-5.0,1.0,-3.0,4.0,-2.0,7.0,0.0,10.0,1.0,13.0,1.0,16.0,2.0,17.0,2.0,18.0,2.0,19.0,1.0,19.0,1.0,17.0,1.0,15.0,1.0,13.0,0.0,10.0,-1.0,7.0,0.0,4.0,0.0,0.0,1.0,-3.0,1.0,-6.0,2.0,-10.0,4.0
3.0094,122.0,-96.0,7.0,0.0,0.0,0.0,0.0,0.0,0.0,0.0,0.0,0.0,-16.0,-12.0,-15.0,-11.0,-13.0,-9.0,-10.0,-8.0,-8.0,-6.0,-3.0,-5.0,0.0,-3.0,4.0,-2.0,7.0,-1.0,10.0,0.0,13.0,0.0,15.0,0.0,17.0,0.0,18.0,0.0,19.0,-1.0,19.0,-1.0,18.0,-1.0,16.0,-1.0,14.0,-2.0,11.0,-2.0,8.0,-1.0,5.0,0.0,1.0,1.0,-2.0,2.0,-5.0,3.0,-9.0,5.0
3.0228,122.0,-96.0,7.0,0.0,0.0,0.0,0.0,0.0,0.0,0.0,0.0,0.0,-14.0,3.0,-14.0,2.0,-14.0,2.0,-14.0,2.0,-14.0,2.0,-14.0,2.0,-14.0,1.0,-14.0,2.0,-13.0,1.0,-13.0,1.0,-14.0,1.0,-13.0,1.0,-13.0,1.0,-13.0,1.0,-13.0,1.0,-12.0,0.0,-13.0,0.0,-12.0,0.0,-11.0,0.0,-11.0,0.0,-11.0,0.0,-11.0,0.0,-10.0,0.0,-10.0,0.0,-10.0,0.0,-9.0,0.0
3.037,122.0,-96.0,7.0,0.0,0.0,0.0,0.0,0.0,0.0,0.0,0.0,0.0,10.0,9.0,10.0,9.0,9.0,9.0,9.0,9.0,9.0,9.0,9.0,9.0,9.0,9.0,9.0,9.0,8.0,9.0,8.0,9.0,8.0,9.0,8.0,9.0,8.0,9.0,8.0,9.0,7.0,9.0,7.0,9.0,7.0,8.0,7.0,8.0,7.0,8.0,6.0,8.0,6.0,8.0,6.0,8.0,6.0,8.0,5.0,7.0,5.0,7.0,5.0,7.0
3.0595,122.0,-96.0,7.0,0.0,0.0,0.0,0.0,0.0,0.0,0.0,0.0,0.0,-17.0,2.0,-18.0,3.0,-18.0,3.0,-18.0,3.0,-17.0,3.0,-15.0,3.0,-13.0,2.0,-11.0,1.0,-8.0,1.0,-5.0,-1.0,-2.0,-2.0,1.0,-3.0,4.0,-5.0,6.0,-7.0,8.0,-8.0,10.0,-10.0,11.0,-10.0,12.0,-11.0,13.0,-11.0,12.0,-12.0,12.0,-11.0,10.0,-11.0,8.0,-10.0,7.0,-8.0,5.0,-6.0,3.0,-4.0
3.0836,122.0,-96.0,7.0,0.0,0.0,0.0,0.0,0.0,0.0,0.0,0.0,0.0,1.0,21.0,1.0,19.0,1.0,16.0,0.0,13.0,-1.0,9.0,-2.0,5.0,-3.0,1.0,-4.0,-3.0,-6.0,-6.0,-8.0,-10.0,-9.0,-12.0,-10.0,-15.0,-12.0,-16.0,-13.0,-17.0,-14.0,-17.0,-14.0,-17.0,-14.0,-16.0,-13.0,-15.0,-11.0,-12.0,-9.0,-10.0,-6.0,-7.0,-3.0,-5.0,-1.0,-3.0,3.0,-1.0,7.0,1.0,9.0,3.0
3.0993,122.0,-96.0,7.0,0.0,0.0,0.0,0.0,0.0,0.0,0.0,0.0,0.0,-9.0,-11.0,-9.0,-11.0,-9.0,-11.0,-9.0,-11.0,-8.0,-11.0,-8.0,-11.0,-8.0,-11.0,-8.0,-11.0,-8.0,-11.0,-8.0,-12.0,-8.0,-11.0,-7.0,-11.0,-7.0,-11.0,-7.0,-11.0,-7.0,-11.0,-7.0,-11.0,-7.0,-10.0,-7.0,-11.0,-6.0,-10.0,-6.0,-10.0,-6.0,-10.0,-6.0,-9.0,-5.0,-9.0,-5.0,-9.0,-5.0,-9.0,-5.0,-8.0
3.1151,122.0,-96.0,7.0,0.0,0.0,0.0,0.0,0.0,0.0,0.0,0.0,0.0,-11.0,-9.0,-11.0,-9.0,-11.0,-10.0,-11.0,-9.0,-11.0,-10.0,-11.0,-10.0,-10.0,-10.0,-11.0,-10.0,-10.0,-9.0,-10.0,-10.0,-10.0,-10.0,-10.0,-10.0,-9.0,-9.0,-9.0,-9.0,-9.0,-9.0,-9.0,-10.0,-8.0,-9.0,-8.0,-9.0,-8.0,-9.0,-8.0,-9.0,-7.0,-9.0,-7.0,-8.0,-7.0,-9.0,-7.0,-8.0,-6.0,-8.0,-6.0,-7.0
3.14,122.0,-96.0,7.0,0.0,0.0,0.0,0.0,0.0,0.0,0.0,0.0,0.0,-7.0,-5.0,-4.0,-4.0,0.0,-3.0,3.0,-3.0,7.0,-2.0,11.0,-1.0,14.0,-1.0,16.0,-1.0,18.0,-1.0,19.0,-1.0,19.0,-2.0,19.0,-2.0,17.0,-2.0,15.0,-2.0,13.0,-2.0,11.0,-2.0,7.0,-1.0,4.0,0.0,0.0,1.0,-3.0,3.0,-6.0,4.0,-9.0,5.0,-12.0,7.0,-13.0,8.0,-14.0,9.0,-15.0,11.0
3.1634,122.0,-96.0,7.0,0.0,0.0,0.0,0.0,0.0,0.0,0.0,0.0,0.0,-14.0,13.0,-13.0,12.0,-11.0,10.0,-9.0,7.0,-7.0,5.0,-5.0,2.0,-3.0,-2.0,-1.0,-5.0,1.0,-8.0,2.0,-11.0,3.0,-14.0,4.0,-16.0,4.0,-18.0,3.0,-19.0,3.0,-20.0,3.0,-19.0,2.0,-18.0,2.0,-16.0,2.0,-14.0,1.0,-11.0,2.0,-8.0,1.0,-4.0,1.0,-1.0,2.0,3.0,3.0,6.0,3.0,9.0
3.1766,122.0,-96.0,7.0,0.0,0.0,0.0,0.0,0.0,0.0,0.0,0.0,0.0,0.0,17.0,0.0,17.0,0.0,16.0,-1.0,17.0,-1.0,16.0,-1.0,17.0,-1.0,16.0,-1.0,16.0,-1.0,16.0,-2.0,15.0,-2.0,16.0,-2.0,15.0,-3.0,15.0,-2.0,15.0,-3.0,14.0,-3.0,14.0,-3.0,14.0,-2.0,14.0,-2.0,14.0,-3.0,13.0,-3.0,13.0,-2.0,12.0,-3.0,12.0,-3.0,11.0,-3.0,11.0,-3.0,11.0
3.199,122.0,-96.0,7.0,0.0,0.0,0.0,0.0,0.0,0.0,0.0,0.0,0.0,-12.0,-1.0,-7.0,-2.0,-2.0,-4.0,1.0,-6.0,5.0,-7.0,10.0,-10.0,13.0,-12.0,15.0,-14.0,16.0,-15.0,17.0,-17.0,18.0,-17.0,17.0,-17.0,15.0,-16.0,13.0,-15.0,12.0,-13.0,10.0,-11.0,7.0,-8.0,4.0,-4.0,2.0,0.0,0.0,3.0,-1.0,7.0,-3.0,11.0,-4.0,15.0,-4.0,17.0,-3.0,20.0,-5.0,22.0
3.2138,122.0,-96.0,7.0,0.0,0.0,0.0,0.0,0.0,0.0,0.0,0.0,0.0,-12.0,11.0,-11.0,11.0,-11.0,10.0,-12.0,10.0,-11.0,10.0,-12.0,11.0,-11.0,10.0,-12.0,10.0,-12.0,10.0,-11.0,9.0,-12.0,9.0,-11.0,9.0,-12.0,9.0,-11.0,9.0,-11.0,8.0,-11.0,8.0,-11.0,8.0,-11.0,8.0,-11.0,7.0,-10.0,7.0,-10.0,7.0,-10.0,7.0,-10.0,7.0,-9.0,6.0,-9.0,6.0,-8.0,5.0
3.2278,122.0,-96.0,7.0,0.0,0.0,0.0,0.0,0.0,0.0,0.0,0.0,0.0,8.0,-11.0,8.0,-11.0,8.0,-11.0,8.0,-10.0,8.0,-10.0,8.0,-11.0,8.0,-10.0,8.0,-10.0,8.0,-9.0,8.0,-9.0,9.0,-9.0,8.0,-9.0,8.0,-8.0,9.0,-8.0,8.0,-8.0,8.0,-8.0,8.0,-8.0,8.0,-7.0,8.0,-7.0,7.0,-7.0,7.0,-6.0,7.0,-6.0,7.0,-6.0,7.0,-6.0,7.0,-6.0,7.0,-6.0
3.2504,122.0,-96.0,7.0,0.0,0.0,0.0,0.0,0.0,0.0,0.0,0.0,0.0,2.0,16.0,2.0,18.0,2.0,17.0,2.0,17.0,2.0,16.0,2.0,15.0,1.0,13.0,1.0,10.0,0.0,7.0,-1.0,4.0,-2.0,1.0,-3.0,-2.0,-5.0,-5.0,-6.0,-7.0,-8.0,-9.0,-9.0,-12.0,-10.0,-13.0,-11.0,-14.0,-11.0,-13.0,-11.0,-13.0,-11.0,-12.0,-10.0,-11.0,-10.0,-10.0,-8.0,-8.0,-6.0,-6.0,-4.0,-4.0
3.2659,122.0,-96.0,7.0,0.0,0.0,0.0,0.0,0.0,0.0,0.0,0.0,0.0,-19.0,-5.0,-19.0,-5.0,-19.0,-6.0,-19.0,-6.0,-19.0,-6.0,-19.0,-6.0,-19.0,-7.0,-19.0,-6.0,-18.0,-7.0,-18.0,-7.0,-18.0,-7.0,-17.0,-7.0,-17.0,-7.0,-17.0,-7.0,-16.0,-7.0,-16.0,-8.0,-16.0,-7.0,-15.0,-7.0,-15.0,-7.0,-15.0,-7.0,-14.0,-7.0,-13.0,-7.0,-13.0,-7.0,-13.0,-7.0,-12.0,-7.0,-12.0,-7.0
3.2866,122.0,-96.0,7.0,0.0,0.0,0.0,0.0,0.0,0.0,0.0,0.0,0.0,-6.0,4.0,-9.0,5.0,-11.0,6.0,-13.0,7.0,-15.0,9.0,-15.0,9.0,-15.0,9.0,-15.0,9.0,-14.0,9.0,-13.0,8.0,-11.0,7.0,-9.0,5.0,-7.0,3.0,-5.0,1.0,-2.0,-1.0,-1.0,-4.0,1.0,-6.0,3.0,-9.0,5.0,-10.0,6.0,-12.0,6.0,-14.0,6.0,-15.0,6.0,-16.0,6.0,-16.0,5.0,-15.0,4.0,-14.0
3.3004,122.0,-96.0,7.0,0.0,0.0,0.0,0.0,0.0,0.0,0.0,0.0,0.0,11.0,-12.0,10.0,-12.0,10.0,-12.0,10.0,-12.0,10.0,-11.0,10.0,-12.0,10.0,-11.0,10.0,-12.0,10.0,-11.0,10.0,-10.0,10.0,-10.0,10.0,-11.0,10.0,-10.0,10.0,-10.0,10.0,-10.0,10.0,-10.0,9.0,-9.0,10.0,-9.0,10.0,-9.0,9.0,-8.0,9.0,-8.0,9.0,-7.0,8.0,-7.0,8.0,-7.0,8.0,-7.0,8.0,-6.0
3.3236,122.0,-96.0,7.0,0.0,0.0,0.0,0.0,0.0,0.0,0.0,0.0,0.0,7.0,1.0,10.0,2.0,14.0,4.0,16.0,4.0,18.0,5.0,18.0,5.0,19.0,5.0,19.0,4.0,18.0,4.0,16.0,4.0,13.0,3.0,10.0,2.0,7.0,2.0,3.0,2.0,0.0,2.0,-3.0,1.0,-7.0,2.0,-11.0,2.0,-13.0,3.0,-16.0,4.0,-17.0,5.0,-18.0,6.0,-19.0,6.0,-18.0,5.0,-17.0,6.0,-15.0,6.0
3.3392,122.0,-96.0,7.0,0.0,0.0,0.0,0.0,0.0,0.0,0.0,0.0,0.0,-11.0,-10.0,-10.0,-10.0,-10.0,-10.0,-10.0,-11.0,-10.0,-10.0,-10.0,-10.0,-10.0,-10.0,-10.0,-10.0,-9.0,-10.0,-9.0,-10.0,-9.0,-11.0,-9.0,-10.0,-8.0,-10.0,-8.0,-10.0,-9.0,-10.0,-8.0,-10.0,-8.0,-10.0,-8.0,-10.0,-8.0,-10.0,-7.0,-9.0,-7.0,-10.0,-6.0,-9.0,-6.0,-9.0,-6.0,-9.0,-6.0,-8.0,-5.0,-8.0
3.3618,122.0,-96.0,7.0,0.0,0.0,0.0,0.0,0.0,0.0,0.0,0.0,0.0,4.0,7.0,1.0,4.0,-2.0,2.0,-5.0,0.0,-8.0,-3.0,-11.0,-4.0,-14.0,-5.0,-16.0,-6.0,-18.0,-7.0,-18.0,-7.0,-19.0,-7.0,-19.0,-6.0,-18.0,-6.0,-16.0,-5.0,-14.0,-5.0,-12.0,-4.0,-8.0,-3.0,-5.0,-2.0,-2.0,-2.0,2.0,-2.0,5.0,-2.0,9.0,-3.0,12.0,-4.0,14.0,-4.0,16.0,-4.0,17.0,-6.0
3.3848,122.0,-96.0,7.0,0.0,0.0,0.0,0.0,0.0,0.0,0.0,0.0,0.0,-8.0,-18.0,-7.0,-17.0,-6.0,-14.0,-5.0,-12.0,-3.0,-8.0,-1.0,-6.0,1.0,-3.0,4.0,1.0,6.0,3.0,8.0,6.0,11.0,7.0,12.0,9.0,14.0,10.0,15.0,10.0,15.0,10.0,15.0,10.0,15.0,9.0,14.0,8.0,11.0,6.0,8.0,5.0,6.0,3.0,2.0,2.0,0.0,1.0,-5.0,0.0,-8.0,-1.0,-10.0,-1.0
3.4076,122.0,-96.0,7.0,0.0,0.0,0.0,0.0,0.0,0.0,0.0,0.0,0.0,-15.0,7.0,-16.0,8.0,-16.0,8.0,-16.0,8.0,-15.0,7.0,-14.0,7.0,-12.0,6.0,-9.0,4.0,-7.0,3.0,-5.0,0.0,-2.0,-2.0,0.0,-4.0,2.0,-6.0,4.0,-9.0,6.0,-11.0,7.0,-13.0,7.0,-14.0,8.0,-15.0,9.0,-15.0,8.0,-15.0,7.0,-14.0,6.0,-13.0,5.0,-11.0,4.0,-9.0,3.0,-6.0,2.0,-4.0
3.4228,122.0,-96.0,7.0,0.0,0.0,0.0,0.0,0.0,0.0,0.0,0.0,0.0,-5.0,18.0,-5.0,19.0,-5.0,18.0,-6.0,18.0,-5.0,18.0,-6.0,18.0,-6.0,18.0,-6.0,18.0,-6.0,17.0,-6.0,17.0,-7.0,17.0,-7.0,17.0,-7.0,16.0,-7.0,16.0,-7.0,15.0,-7.0,15.0,-6.0,15.0,-6.0,15.0,-6.0,14.0,-6.0,14.0,-6.0,13.0,-6.0,13.0,-6.0,12.0,-6.0,12.0,-6.0,12.0,-6.0,11.0
3.4446,122.0,-96.0,7.0,0.0,0.0,0.0,0.0,0.0,0.0,0.0,0.0,0.0,-8.0,0.0,-11.0,-1.0,-15.0,-1.0,-17.0,-1.0,-19.0,-1.0,-20.0,-1.0,-21.0,-1.0,-20.0,-1.0,-19.0,0.0,-17.0,-1.0,-15.0,-1.0,-12.0,-1.0,-9.0,-1.0,-5.0,-2.0,-2.0,-2.0,1.0,-3.0,5.0,-4.0,8.0,-6.0,10.0,-7.0,13.0,-9.0,14.0,-10.0,15.0,-10.0,16.0,-11.0,15.0,-11.0,14.0,-11.0,12.0,-10.0
3.4597,122.0,-96.0,7.0,0.0,0.0,0.0,0.0,0.0,0.0,0.0,0.0,0.0,-12.0,10.0,-13.0,10.0,-12.0,9.0,-13.0,9.0,-12.0,9.0,-13.0,9.0,-12.0,9.0,-12.0,9.0,-13.0,9.0,-12.0,8.0,-13.0,8.0,-12.0,8.0,-12.0,8.0,-12.0,7.0,-12.0,8.0,-12.0,7.0,-12.0,7.0,-11.0,7.0,-11.0,7.0,-11.0,6.0,-11.0,6.0,-11.0,6.0,-10.0,6.0,-10.0,5.0,-10.0,5.0,-9.0,5.0
3.4809,122.0,-96.0,7.0,0.0,0.0,0.0,0.0,0.0,0.0,0.0,0.0,0.0,-8.0,0.0,-11.0,-1.0,-15.0,-1.0,-17.0,-2.0,-19.0,-2.0,-20.0,-2.0,-21.0,-2.0,-20.0,-1.0,-19.0,-1.0,-17.0,-1.0,-15.0,-1.0,-12.0,-1.0,-9.0,-1.0,-5.0,-2.0,-2.0,-2.0,1.0,-3.0,5.0,-4.0,8.0,-5.0,11.0,-7.0,13.0,-8.0,14.0,-9.0,15.0,-10.0,16.0,-10.0,15.0,-10.0,14.0,-10.0,13.0,-10.0
3.5061,122.0,-96.0,7.0,0.0,0.0,0.0,0.0,0.0,0.0,0.0,0.0,0.0,-6.0,-6.0,-8.0,-10.0,-9.0,-12.0,-11.0,-14.0,-12.0,-15.0,-13.0,-17.0,-13.0,-16.0,-13.0,-16.0,-12.0,-15.0,-11.0,-13.0,-10.0,-11.0,-8.0,-9.0,-5.0,-7.0,-2.0,-5.0,1.0,-3.0,3.0,0.0,7.0,2.0,10.0,4.0,12.0,4.0,14.0,5.0,16.0,5.0,17.0,5.0,18.0,5.0,18.0,5.0,17.0,4.0,15.0,3.0
3.5287,122.0,-96.0,7.0,0.0,0.0,0.0,0.0,0.0,0.0,0.0,0.0,0.0,4.0,-17.0,5.0,-18.0,5.0,-17.0,4.0,-18.0,4.0,-16.0,4.0,-15.0,3.0,-13.0,3.0,-11.0,2.0,-8.0,2.0,-5.0,2.0,-1.0,1.0,2.0,2.0,5.0,2.0,8.0,2.0,11.0,3.0,13.0,3.0,15.0,3.0,16.0,3.0,16.0,3.0,16.0,3.0,15.0,3.0,13.0,4.0,12.0,2.0,10.0,2.0,7.0,1.0,4.0
3.5415,122.0,-96.0,7.0,0.0,0.0,0.0,0.0,0.0,0.0,0.0,0.0,0.0,15.0,-3.0,15.0,-2.0,15.0,-2.0,15.0,-2.0,15.0,-2.0,15.0,-2.0,15.0,-2.0,15.0,-2.0,14.0,-1.0,14.0,-1.0,14.0,-1.0,14.0,-1.0,14.0,0.0,14.0,-1.0,13.0,-1.0,14.0,0.0,13.0,0.0,13.0,0.0,12.0,0.0,12.0,0.0,11.0,0.0,11.0,0.0,11.0,0.0,10.0,0.0,10.0,0.0,9.0,1.0
3.5547,122.0,-96.0,7.0,0.0,0.0,0.0,0.0,0.0,0.0,0.0,0.0,0.0,-3.0,7.0,-4.0,7.0,-3.0,7.0,-3.0,7.0,-3.0,7.0,-3.0,7.0,-4.0,7.0,-3.0,7.0,-4.0,8.0,-4.0,6.0,-4.0,6.0,-4.0,6.0,-4.0,6.0,-4.0,6.0,-4.0,7.0,-4.0,5.0,-4.0,5.0,-4.0,6.0,-3.0,5.0,-4.0,6.0,-4.0,5.0,-3.0,6.0,-4.0,5.0,-5.0,4.0,-4.0,5.0,-4.0,5.0
3.5713,122.0,-96.0,7.0,0.0,0.0,0.0,0.0,0.0,0.0,0.0,0.0,0.0,-12.0,-11.0,-12.0,-11.0,-12.0,-11.0,-12.0,-12.0,-11.0,-11.0,-12.0,-11.0,-11.0,-11.0,-11.0,-11.0,-11.0,-11.0,-10.0,-11.0,-10.0,-12.0,-10.0,-11.0,-10.0,-11.0,-10.0,-11.0,-10.0,-11.0,-9.0,-11.0,-9.0,-11.0,-9.0,-10.0,-9.0,-11.0,-8.0,-10.0,-8.0,-10.0,-7.0,-10.0,-7.0,-9.0,-7.0,-9.0,-7.0,-9.0,-6.0,-9.0
3.5971,122.0,-96.0,7.0,0.0,0.0,0.0,0.0,0.0,0.0,0.0,0.0,0.0,-6.0,8.0,-4.0,3.0,-3.0,-1.0,-3.0,-5.0,-3.0,-9.0,-2.0,-13.0,-2.0,-16.0,-2.0,-19.0,-3.0,-21.0,-4.0,-22.0,-4.0,-22.0,-4.0,-22.0,-5.0,-21.0,-5.0,-18.0,-4.0,-16.0,-3.0,-13.0,-2.0,-9.0,-1.0,-5.0,1.0,-2.0,3.0,2.0,5.0,5.0,8.0,8.0,10.0,10.0,12.0,12.0,13.0,12.0,14.0,14.0
3.6209,122.0,-96.0,7.0,0.0,0.0,0.0,0.0,0.0,0.0,0.0,0.0,0.0,7.0,6.0,3.0,4.0,-1.0,3.0,-5.0,1.0,-9.0,0.0,-13.0,-1.0,-17.0,-2.0,-19.0,-2.0,-21.0,-2.0,-22.0,-2.0,-23.0,-1.0,-22.0,-1.0,-20.0,-1.0,-18.0,-1.0,-16.0,0.0,-13.0,-1.0,-9.0,-1.0,-5.0,-2.0,-1.0,-2.0,2.0,-3.0,6.0,-5.0,10.0,-6.0,13.0,-8.0,14.0,-9.0,15.0,-10.0,17.0,-12.0
3.644,122.0,-96.0,7.0,0.0,0.0,0.0,0.0,0.0,0.0,0.0,0.0,0.0,-20.0,12.0,-21.0,13.0,-21.0,13.0,-21.0,13.0,-19.0,12.0,-17.0,11.0,-15.0,10.0,-12.0,7.0,-9.0,4.0,-6.0,1.0,-2.0,-3.0,0.0,-6.0,3.0,-9.0,5.0,-12.0,8.0,-16.0,8.0,-18.0,9.0,-20.0,9.0,-21.0,10.0,-21.0,9.0,-21.0,9.0,-20.0,7.0,-18.0,5.0,-16.0,5.0,-12.0,4.0,-9.0,2.0,-5.0
3.6671,122.0,-96.0,7.0,0.0,0.0,0.0,0.0,0.0,0.0,0.0,0.0,0.0,-2.0,-8.0,-2.0,-12.0,-3.0,-14.0,-3.0,-17.0,-3.0,-18.0,-3.0,-20.0,-3.0,-21.0,-3.0,-20.0,-3.0,-19.0,-3.0,-17.0,-3.0,-14.0,-2.0,-12.0,-1.0,-9.0,0.0,-6.0,1.0,-3.0,3.0,2.0,4.0,5.0,6.0,7.0,7.0,9.0,9.0,11.0,10.0,12.0,11.0,13.0,12.0,14.0,12.0,13.0,12.0,12.0,11.0,11.0
3.6799,122.0,-96.0,7.0,0.0,0.0,0.0,0.0,0.0,0.0,0.0,0.0,0.0,13.0,-3.0,13.0,-3.0,13.0,-3.0,13.0,-3.0,13.0,-2.0,13.0,-2.0,13.0,-2.0,13.0,-2.0,13.0,-2.0,12.0,-2.0,13.0,-1.0,12.0,-1.0,12.0,-1.0,12.0,-1.0,12.0,-1.0,12.0,-1.0,11.0,-1.0,11.0,-1.0,11.0,-1.0,10.0,0.0,10.0,0.0,10.0,0.0,9.0,0.0,9.0,0.0,9.0,0.0,8.0,0.0
3.7022,122.0,-96.0,7.0,0.0,0.0,0.0,0.0,0.0,0.0,0.0,0.0,0.0,-9.0,-18.0,-8.0,-16.0,-7.0,-14.0,-6.0,-11.0,-4.0,-9.0,-1.0,-6.0,1.0,-3.0,4.0,0.0,6.0,2.0,9.0,5.0,11.0,7.0,13.0,8.0,14.0,9.0,16.0,9.0,16.0,9.0,16.0,9.0,15.0,8.0,14.0,8.0,12.0,6.0,10.0,4.0,7.0,3.0,4.0,2.0,0.0,2.0,-3.0,0.0,-7.0,0.0,-10.0,0.0
3.7178,122.0,-96.0,7.0,0.0,0.0,0.0,0.0,0.0,0.0,0.0,0.0,0.0,-12.0,-8.0,-11.0,-9.0,-12.0,-9.0,-12.0,-9.0,-11.0,-9.0,-11.0,-9.0,-12.0,-9.0,-11.0,-9.0,-11.0,-9.0,-10.0,-9.0,-10.0,-9.0,-10.0,-9.0,-10.0,-9.0,-10.0,-9.0,-10.0,-9.0,-10.0,-9.0,-9.0,-9.0,-9.0,-9.0,-9.0,-8.0,-8.0,-8.0,-8.0,-8.0,-8.0,-8.0,-8.0,-8.0,-7.0,-7.0,-7.0,-7.0,-7.0,-7.0
3.7427,122.0,-96.0,7.0,0.0,0.0,0.0,0.0,0.0,0.0,0.0,0.0,0.0,-17.0,8.0,-16.0,7.0,-14.0,6.0,-12.0,4.0,-9.0,3.0,-6.0,0.0,-3.0,-2.0,1.0,-5.0,3.0,-7.0,4.0,-10.0,7.0,-12.0,8.0,-14.0,9.0,-16.0,9.0,-17.0,9.0,-17.0,9.0,-17.0,8.0,-17.0,7.0,-15.0,6.0,-14.0,5.0,-11.0,4.0,-8.0,3.0,-5.0,1.0,-1.0,1.0,2.0,1.0,5.0,-1.0,9.0
3.7645,122.0,-96.0,7.0,0.0,0.0,0.0,0.0,0.0,0.0,0.0,0.0,0.0,-16.0,-6.0,-17.0,-6.0,-17.0,-6.0,-17.0,-6.0,-17.0,-6.0,-15.0,-6.0,-13.0,-5.0,-10.0,-4.0,-7.0,-4.0,-4.0,-3.0,-1.0,-3.0,2.0,-2.0,5.0,-3.0,9.0,-2.0,11.0,-3.0,13.0,-3.0,15.0,-3.0,16.0,-3.0,16.0,-4.0,16.0,-4.0,15.0,-4.0,14.0,-4.0,12.0,-4.0,10.0,-3.0,7.0,-2.0,4.0,-1.0
3.7905,122.0,-96.0,7.0,0.0,0.0,0.0,0.0,0.0,0.0,0.0,0.0,0.0,-10.0,13.0,-11.0,14.0,-11.0,14.0,-10.0,14.0,-10.0,13.0,-9.0,12.0,-8.0,10.0,-7.0,8.0,-5.0,6.0,-4.0,2.0,-3.0,-1.0,-2.0,-4.0,-1.0,-6.0,0.0,-10.0,1.0,-12.0,1.0,-15.0,1.0,-16.0,1.0,-18.0,1.0,-17.0,1.0,-17.0,1.0,-16.0,0.0,-15.0,-1.0,-14.0,0.0,-11.0,0.0,-8.0,0.0,-5.0
3.8093,122.0,-96.0,7.0,0.0,0.0,0.0,0.0,0.0,0.0,0.0,0.0,0.0,-8.0,3.0,-11.0,3.0,-14.0,3.0,-17.0,4.0,-18.0,4.0,-20.0,5.0,-20.0,5.0,-20.0,5.0,-18.0,5.0,-17.0,4.0,-15.0,4.0,-12.0,3.0,-8.0,1.0,-5.0,0.0,-2.0,-2.0,0.0,-4.0,4.0,-6.0,6.0,-8.0,8.0,-9.0,10.0,-12.0,11.0,-13.0,11.0,-14.0,12.0,-15.0,12.0,-15.0,11.0,-14.0,10.0,-13.0
3.8309,122.0,-96.0,7.0,0.0,0.0,0.0,0.0,0.0,0.0,0.0,0.0,0.0,19.0,3.0,17.0,2.0,15.0,2.0,12.0,2.0,8.0,1.0,4.0,2.0,0.0,2.0,-4.0,3.0,-8.0,3.0,-10.0,4.0,-13.0,5.0,-16.0,5.0,-17.0,6.0,-18.0,7.0,-18.0,7.0,-18.0,7.0,-17.0,7.0,-15.0,7.0,-13.0,6.0,-12.0,5.0,-8.0,3.0,-6.0,1.0,-2.0,-1.0,0.0,-3.0,2.0,-6.0,5.0,-8.0
3.8455,122.0,-96.0,7.0,0.0,0.0,0.0,0.0,0.0,0.0,0.0,0.0,0.0,-5.0,-14.0,-5.0,-14.0,-5.0,-14.0,-4.0,-13.0,-4.0,-14.0,-4.0,-13.0,-4.0,-13.0,-4.0,-13.0,-4.0,-13.0,-4.0,-13.0,-3.0,-13.0,-3.0,-13.0,-3.0,-13.0,-3.0,-13.0,-3.0,-12.0,-3.0,-13.0,-3.0,-12.0,-3.0,-12.0,-2.0,-11.0,-3.0,-11.0,-2.0,-11.0,-2.0,-11.0,-2.0,-11.0,-2.0,-10.0,-2.0,-10.0,-2.0,-9.0
3.8605,122.0,-96.0,7.0,0.0,0.0,0.0,0.0,0.0,0.0,0.0,0.0,0.0,-14.0,13.0,-15.0,13.0,-14.0,13.0,-15.0,13.0,-14.0,12.0,-15.0,13.0,-15.0,12.0,-15.0,12.0,-15.0,11.0,-14.0,11.0,-15.0,11.0,-15.0,11.0,-14.0,11.0,-14.0,10.0,-14.0,10.0,-14.0,9.0,-14.0,9.0,-13.0,9.0,-14.0,9.0,-13.0,8.0,-13.0,8.0,-13.0,7.0,-13.0,7.0,-12.0,7.0,-12.0,7.0,-11.0,7.0
3.8857,122.0,-96.0,7.0,0.0,0.0,0.0,0.0,0.0,0.0,0.0,0.0,0.0,-7.0,7.0,-5.0,3.0,-4.0,-1.0,-3.0,-5.0,-2.0,-9.0,0.0,-13.0,0.0,-16.0,1.0,-19.0,1.0,-20.0,0.0,-22.0,0.0,-22.0,0.0,-22.0,-1.0,-21.0,-2.0,-19.0,-1.0,-17.0,0.0,-14.0,0.0,-10.0,0.0,-6.0,1.0,-2.0,2.0,2.0,4.0,5.0,5.0,9.0,6.0,11.0,8.0,13.0,10.0,15.0,10.0,16.0
3.9111,122.0,-96.0,7.0,0.0,0.0,0.0,0.0,0.0,0.0,0.0,0.0,0.0,-7.0,-6.0,-4.0,-4.0,0.0,-3.0,4.0,-3.0,7.0,-1.0,11.0,-1.0,14.0,-1.0,16.0,-1.0,18.0,-1.0,18.0,-1.0,19.0,-2.0,19.0,-2.0,17.0,-2.0,16.0,-2.0,13.0,-2.0,11.0,-1.0,7.0,-1.0,4.0,0.0,0.0,1.0,-3.0,2.0,-6.0,4.0,-9.0,5.0,-12.0,8.0,-13.0,8.0,-14.0,9.0,-15.0,11.0
3.9255,122.0,-96.0,7.0,0.0,0.0,0.0,0.0,0.0,0.0,0.0,0.0,0.0,-14.0,8.0,-13.0,8.0,-13.0,8.0,-14.0,7.0,-14.0,7.0,-14.0,7.0,-14.0,7.0,-14.0,7.0,-14.0,7.0,-14.0,6.0,-14.0,6.0,-14.0,6.0,-13.0,6.0,-13.0,5.0,-13.0,5.0,-13.0,5.0,-12.0,5.0,-13.0,5.0,-12.0,5.0,-12.0,4.0,-12.0,4.0,-11.0,4.0,-11.0,4.0,-11.0,3.0,-10.0,3.0,-10.0,3.0
3.9525,122.0,-96.0,7.0,0.0,0.0,0.0,0.0,0.0,0.0,0.0,0.0,0.0,-6.0,-8.0,-3.0,-5.0,1.0,-3.0,4.0,-1.0,7.0,0.0,11.0,2.0,13.0,3.0,16.0,4.0,17.0,4.0,18.0,4.0,19.0,4.0,19.0,3.0,17.0,3.0,15.0,2.0,13.0,2.0,10.0,1.0,7.0,1.0,4.0,1.0,0.0,1.0,-4.0,2.0,-7.0,3.0,-10.0,3.0,-13.0,5.0,-14.0,5.0,-15.0,6.0,-17.0,8.0
3.9659,122.0,-96.0,7.0,0.0,0.0,0.0,0.0,0.0,0.0,0.0,0.0,0.0,8.0,-11.0,8.0,-11.0,9.0,-11.0,8.0,-11.0,8.0,-11.0,9.0,-11.0,9.0,-11.0,9.0,-11.0,9.0,-10.0,9.0,-10.0,9.0,-10.0,9.0,-10.0,9.0,-9.0,9.0,-9.0,8.0,-9.0,9.0,-9.0,8.0,-8.0,8.0,-9.0,8.0,-8.0,8.0,-8.0,8.0,-8.0,7.0,-7.0,7.0,-7.0,7.0,-7.0,7.0,-6.0,6.0,-6.0
3.9898,122.0,-96.0,7.0,0.0,0.0,0.0,0.0,0.0,0.0,0.0,0.0,0.0,5.0,5.0,7.0,8.0,9.0,10.0,10.0,12.0,11.0,14.0,12.0,15.0,12.0,15.0,12.0,14.0,12.0,13.0,11.0,12.0,9.0,10.0,7.0,8.0,5.0,6.0,2.0,5.0,-1.0,2.0,-4.0,-1.0,-7.0,-2.0,-10.0,-4.0,-12.0,-4.0,-15.0,-5.0,-17.0,-5.0,-18.0,-5.0,-19.0,-5.0,-19.0,-4.0,-18.0,-4.0,-17.0,-3.0
4.0058,122.0,-96.0,7.0,0.0,0.0,0.0,0.0,0.0,0.0,0.0,0.0,0.0,-17.0,-7.0,-17.0,-7.0,-17.0,-8.0,-17.0,-8.0,-17.0,-8.0,-17.0,-8.0,-17.0,-8.0,-17.0,-8.0,-16.0,-9.0,-16.0,-9.0,-16.0,-9.0,-15.0,-9.0,-15.0,-8.0,-15.0,-9.0,-14.0,-9.0,-14.0,-9.0,-14.0,-9.0,-13.0,-9.0,-13.0,-9.0,-13.0,-9.0,-12.0,-8.0,-12.0,-8.0,-11.0,-8.0,-11.0,-8.0,-10.0,-7.0,-10.0,-7.0
4.0276,122.0,-96.0,7.0,0.0,0.0,0.0,0.0,0.0,0.0,0.0,0.0,0.0,-6.0,5.0,-10.0,7.0,-12.0,7.0,-14.0,9.0,-16.0,10.0,-17.0,11.0,-17.0,11.0,-17.0,11.0,-16.0,10.0,-14.0,9.0,-12.0,8.0,-10.0,6.0,-7.0,4.0,-5.0,1.0,-2.0,-1.0,0.0,-5.0,2.0,-8.0,4.0,-10.0,5.0,-13.0,6.0,-15.0,7.0,-16.0,7.0,-17.0,7.0,-18.0,6.0,-18.0,5.0,-17.0,5.0,-16.0
4.0413,122.0,-96.0,7.0,0.0,0.0,0.0,0.0,0.0,0.0,0.0,0.0,0.0,15.0,-4.0,14.0,-4.0,15.0,-4.0,15.0,-4.0,15.0,-4.0,15.0,-4.0,15.0,-4.0,15.0,-4.0,14.0,-4.0,14.0,-3.0,14.0,-3.0,14.0,-3.0,13.0,-2.0,13.0,-3.0,13.0,-3.0,13.0,-2.0,13.0,-2.0,13.0,-2.0,12.0,-2.0,12.0,-2.0,11.0,-2.0,11.0,-1.0,11.0,-1.0,11.0,-1.0,10.0,-2.0,10.0,-1.0
4.0641,122.0,-96.0,7.0,0.0,0.0,0.0,0.0,0.0,0.0,0.0,0.0,0.0,2.0,19.0,2.0,17.0,2.0,14.0,1.0,11.0,0.0,8.0,-1.0,5.0,-3.0,1.0,-4.0,-2.0,-6.0,-5.0,-8.0,-9.0,-9.0,-10.0,-10.0,-13.0,-12.0,-15.0,-13.0,-15.0,-13.0,-15.0,-13.0,-15.0,-13.0,-14.0,-12.0,-13.0,-10.0,-11.0,-8.0,-9.0,-6.0,-7.0,-3.0,-4.0,-1.0,-3.0,3.0,0.0,5.0,1.0,8.0,2.0
4.0896,122.0,-96.0,7.0,0.0,0.0,0.0,0.0,0.0,0.0,0.0,0.0,0.0,6.0,-5.0,10.0,-5.0,13.0,-6.0,15.0,-7.0,17.0,-7.0,18.0,-8.0,18.0,-8.0,18.0,-8.0,17.0,-8.0,15.0,-7.0,13.0,-6.0,11.0,-5.0,7.0,-3.0,4.0,-2.0,1.0,0.0,-1.0,3.0,-4.0,5.0,-6.0,8.0,-9.0,10.0,-10.0,12.0,-11.0,13.0,-11.0,14.0,-11.0,15.0,-11.0,15.0,-10.0,14.0,-9.0,14.0
4.1065,122.0,-96.0,7.0,0.0,0.0,0.0,0.0,0.0,0.0,0.0,0.0,0.0,5.0,-18.0,5.0,-18.0,5.0,-18.0,6.0,-18.0,6.0,-18.0,6.0,-18.0,6.0,-18.0,6.0,-18.0,6.0,-17.0,7.0,-17.0,7.0,-17.0,6.0,-17.0,7.0,-16.0,7.0,-16.0,7.0,-16.0,7.0,-15.0,7.0,-16.0,7.0,-15.0,7.0,-14.0,6.0,-14.0,6.0,-13.0,6.0,-13.0,6.0,-12.0,6.0,-12.0,6.0,-11.0,6.0,-11.0
4.1255,122.0,-96.0,7.0,0.0,0.0,0.0,0.0,0.0,0.0,0.0,0.0,0.0,7.0,2.0,9.0,5.0,12.0,6.0,15.0,7.0,16.0,8.0,17.0,9.0,18.0,9.0,17.0,8.0,16.0,7.0,14.0,7.0,13.0,6.0,10.0,5.0,7.0,4.0,3.0,3.0,0.0,2.0,-3.0,1.0,-7.0,1.0,-10.0,0.0,-13.0,1.0,-16.0,1.0,-17.0,2.0,-19.0,3.0,-19.0,2.0,-19.0,2.0,-18.0,3.0,-17.0,3.0
4.1466,122.0,-96.0,7.0,0.0,0.0,0.0,0.0,0.0,0.0,0.0,0.0,0.0,-3.0,8.0,-5.0,11.0,-6.0,14.0,-7.0,17.0,-9.0,18.0,-9.0,20.0,-9.0,20.0,-8.0,20.0,-8.0,19.0,-7.0,17.0,-6.0,14.0,-6.0,11.0,-4.0,8.0,-4.0,4.0,-2.0,0.0,-3.0,-4.0,-3.0,-8.0,-3.0,-12.0,-3.0,-14.0,-3.0,-17.0,-4.0,-19.0,-5.0,-20.0,-5.0,-21.0,-5.0,-21.0,-6.0,-19.0,-5.0,-18.0
4.1618,122.0,-96.0,7.0,0.0,0.0,0.0,0.0,0.0,0.0,0.0,0.0,0.0,-15.0,-5.0,-15.0,-5.0,-15.0,-5.0,-15.0,-6.0,-15.0,-6.0,-15.0,-6.0,-15.0,-6.0,-15.0,-6.0,-14.0,-6.0,-14.0,-6.0,-15.0,-6.0,-14.0,-6.0,-14.0,-6.0,-14.0,-6.0,-13.0,-6.0,-13.0,-7.0,-13.0,-6.0,-13.0,-6.0,-12.0,-6.0,-11.0,-6.0,-11.0,-6.0,-11.0,-6.0,-10.0,-6.0,-10.0,-6.0,-10.0,-6.0,-9.0,-5.0
4.184,122.0,-96.0,7.0,0.0,0.0,0.0,0.0,0.0,0.0,0.0,0.0,0.0,-8.0,17.0,-8.0,15.0,-7.0,13.0,-6.0,10.0,-5.0,7.0,-4.0,4.0,-3.0,0.0,-2.0,-4.0,-2.0,-8.0,-2.0,-11.0,-2.0,-14.0,-2.0,-16.0,-3.0,-18.0,-3.0,-19.0,-3.0,-20.0,-3.0,-20.0,-4.0,-19.0,-3.0,-17.0,-3.0,-14.0,-3.0,-12.0,-1.0,-9.0,0.0,-5.0,0.0,-2.0,3.0,1.0,4.0,4.0,5.0,7.0
4.2089,122.0,-96.0,7.0,0.0,0.0,0.0,0.0,0.0,0.0,0.0,0.0,0.0,-9.0,-5.0,-5.0,-4.0,0.0,-3.0,4.0,-4.0,8.0,-3.0,12.0,-3.0,15.0,-3.0,18.0,-3.0,20.0,-4.0,21.0,-4.0,21.0,-5.0,20.0,-5.0,19.0,-5.0,17.0,-5.0,14.0,-4.0,12.0,-4.0,8.0,-2.0,4.0,-1.0,1.0,1.0,-2.0,3.0,-6.0,5.0,-9.0,7.0,-11.0,10.0,-12.0,12.0,-12.0,13.0,-14.0,15.0
4.2328,122.0,-96.0,7.0,0.0,0.0,0.0,0.0,0.0,0.0,0.0,0.0,0.0,-14.0,13.0,-15.0,14.0,-15.0,13.0,-14.0,13.0,-14.0,13.0,-13.0,12.0,-11.0,10.0,-9.0,8.0,-7.0,5.0,-5.0,2.0,-3.0,-1.0,-1.0,-4.0,0.0,-7.0,2.0,-11.0,3.0,-13.0,4.0,-16.0,4.0,-17.0,4.0,-19.0,5.0,-18.0,4.0,-19.0,4.0,-18.0,3.0,-17.0,2.0,-15.0,2.0,-12.0,2.0,-9.0,1.0,-6.0
4.2475,122.0,-96.0,7.0,0.0,0.0,0.0,0.0,0.0,0.0,0.0,0.0,0.0,11.0,-17.0,11.0,-16.0,11.0,-16.0,11.0,-16.0,11.0,-16.0,11.0,-16.0,11.0,-16.0,11.0,-16.0,11.0,-15.0,11.0,-15.0,12.0,-15.0,11.0,-14.0,11.0,-14.0,11.0,-13.0,11.0,-13.0,12.0,-13.0,10.0,-13.0,11.0,-12.0,10.0,-12.0,10.0,-12.0,10.0,-11.0,10.0,-11.0,10.0,-11.0,9.0,-10.0,9.0,-10.0,8.0,-9.0
4.2602,122.0,-96.0,7.0,0.0,0.0,0.0,0.0,0.0,0.0,0.0,0.0,0.0,19.0,-1.0,19.0,-1.0,19.0,-1.0,19.0,-1.0,18.0,-1.0,19.0,-1.0,18.0,-1.0,18.0,0.0,18.0,0.0,18.0,0.0,18.0,0.0,18.0,0.0,17.0,1.0,17.0,1.0,16.0,0.0,16.0,1.0,16.0,1.0,16.0,1.0,15.0,1.0,14.0,1.0,14.0,1.0,14.0,1.0,13.0,1.0,13.0,1.0,12.0,1.0,12.0,1.0
4.2853,122.0,-96.0,7.0,0.0,0.0,0.0,0.0,0.0,0.0,0.0,0.0,0.0,-20.0,-2.0,-18.0,-2.0,-16.0,-2.0,-13.0,-2.0,-10.0,-2.0,-5.0,-2.0,-1.0,-3.0,2.0,-4.0,6.0,-5.0,8.0,-6.0,11.0,-7.0,14.0,-8.0,15.0,-9.0,16.0,-10.0,16.0,-10.0,16.0,-10.0,15.0,-10.0,13.0,-10.0,12.0,-9.0,9.0,-7.0,7.0,-5.0,4.0,-3.0,1.0,0.0,0.0,2.0,-2.0,5.0,-5.0,8.0
4.3065,122.0,-96.0,7.0,0.0,0.0,0.0,0.0,0.0,0.0,0.0,0.0,0.0,0.0,8.0,-1.0,4.0,-3.0,1.0,-5.0,-2.0,-6.0,-6.0,-8.0,-9.0,-10.0,-11.0,-11.0,-13.0,-12.0,-14.0,-13.0,-15.0,-14.0,-15.0,-14.0,-14.0,-13.0,-14.0,-12.0,-12.0,-10.0,-11.0,-8.0,-8.0,-6.0,-6.0,-3.0,-4.0,0.0,-2.0,3.0,-1.0,7.0,1.0,9.0,2.0,12.0,3.0,14.0,3.0,17.0,3.0,17.0,3.0
4.3211,122.0,-96.0,7.0,0.0,0.0,0.0,0.0,0.0,0.0,0.0,0.0,0.0,-5.0,13.0,-5.0,13.0,-4.0,12.0,-5.0,12.0,-5.0,12.0,-5.0,13.0,-5.0,12.0,-5.0,12.0,-5.0,12.0,-5.0,11.0,-5.0,12.0,-5.0,11.0,-5.0,11.0,-5.0,11.0,-5.0,11.0,-5.0,10.0,-5.0,10.0,-5.0,10.0,-5.0,10.0,-5.0,10.0,-5.0,9.0,-5.0,9.0,-5.0,8.0,-5.0,8.0,-5.0,8.0,-5.0,8.0
4.335,122.0,-96.0,7.0,0.0,0.0,0.0,0.0,0.0,0.0,0.0,0.0,0.0,10.0,10.0,11.0,10.0,10.0,10.0,10.0,11.0,10.0,11.0,10.0,11.0,10.0,11.0,10.0,11.0,9.0,11.0,9.0,11.0,9.0,11.0,9.0,11.0,8.0,11.0,8.0,10.0,8.0,10.0,8.0,10.0,8.0,10.0,8.0,10.0,7.0,10.0,6.0,10.0,6.0,9.0,6.0,9.0,6.0,9.0,5.0,9.0,5.0,8.0,5.0,8.0
4.351,122.0,-96.0,7.0,0.0,0.0,0.0,0.0,0.0,0.0,0.0,0.0,0.0,-6.0,-12.0,-6.0,-12.0,-6.0,-12.0,-6.0,-12.0,-5.0,-12.0,-5.0,-12.0,-5.0,-12.0,-5.0,-12.0,-5.0,-12.0,-5.0,-12.0,-5.0,-12.0,-4.0,-12.0,-4.0,-12.0,-4.0,-12.0,-4.0,-11.0,-4.0,-12.0,-3.0,-11.0,-4.0,-11.0,-4.0,-10.0,-3.0,-11.0,-3.0,-10.0,-3.0,-10.0,-3.0,-9.0,-2.0,-9.0,-2.0,-9.0,-3.0,-9.0
4.3719,122.0,-96.0,7.0,0.0,0.0,0.0,0.0,0.0,0.0,0.0,0.0,0.0,-7.0,5.0,-10.0,6.0,-12.0,7.0,-15.0,8.0,-17.0,9.0,-17.0,10.0,-17.0,10.0,-17.0,10.0,-16.0,10.0,-14.0,8.0,-13.0,7.0,-10.0,5.0,-7.0,3.0,-5.0,1.0,-2.0,-2.0,0.0,-5.0,3.0,-7.0,4.0,-10.0,6.0,-12.0,7.0,-15.0,8.0,-16.0,7.0,-17.0,8.0,-18.0,7.0,-17.0,6.0,-16.0,6.0,-15.0
4.3961,122.0,-96.0,7.0,0.0,0.0,0.0,0.0,0.0,0.0,0.0,0.0,0.0,-16.0,-7.0,-17.0,-7.0,-17.0,-7.0,-17.0,-7.0,-16.0,-6.0,-14.0,-6.0,-13.0,-5.0,-10.0,-4.0,-7.0,-3.0,-4.0,-3.0,0.0,-3.0,3.0,-2.0,6.0,-2.0,9.0,-2.0,12.0,-2.0,13.0,-2.0,15.0,-2.0,16.0,-3.0,17.0,-3.0,16.0,-4.0,15.0,-4.0,13.0,-3.0,11.0,-3.0,9.0,-3.0,6.0,-2.0,3.0,-1.0
4.4203,122.0,-96.0,7.0,0.0,0.0,0.0,0.0,0.0,0.0,0.0,0.0,0.0,-10.0,2.0,-7.0,0.0,-3.0,-2.0,0.0,-5.0,3.0,-8.0,6.0,-11.0,8.0,-14.0,10.0,-16.0,11.0,-17.0,11.0,-19.0,12.0,-19.0,11.0,-19.0,9.0,-18.0,8.0,-17.0,7.0,-15.0,6.0,-12.0,5.0,-8.0,3.0,-5.0,2.0,-1.0,1.0,3.0,1.0,6.0,0.0,10.0,-1.0,14.0,0.0,16.0,1.0,18.0,0.0,20.0
4.444,122.0,-96.0,7.0,0.0,0.0,0.0,0.0,0.0,0.0,0.0,0.0,0.0,6.0,-3.0,9.0,-3.0,12.0,-4.0,14.0,-4.0,15.0,-5.0,17.0,-5.0,17.0,-5.0,16.0,-5.0,15.0,-5.0,14.0,-4.0,12.0,-4.0,9.0,-3.0,6.0,-2.0,3.0,0.0,0.0,1.0,-2.0,3.0,-5.0,4.0,-7.0,6.0,-9.0,8.0,-11.0,9.0,-11.0,11.0,-12.0,11.0,-12.0,12.0,-11.0,12.0,-10.0,11.0,-10.0,10.0
4.4663,122.0,-96.0,7.0,0.0,0.0,0.0,0.0,0.0,0.0,0.0,0.0,0.0,-3.0,-18.0,-4.0,-19.0,-4.0,-18.0,-4.0,-18.0,-4.0,-17.0,-4.0,-15.0,-3.0,-13.0,-2.0,-11.0,-1.0,-8.0,0.0,-5.0,1.0,-2.0,3.0,1.0,4.0,4.0,6.0,7.0,8.0,8.0,9.0,10.0,10.0,12.0,11.0,13.0,11.0,12.0,11.0,11.0,10.0,10.0,10.0,9.0,8.0,8.0,6.0,6.0,4.0,4.0,2.0,2.0
4.4809,122.0,-96.0,7.0,0.0,0.0,0.0,0.0,0.0,0.0,0.0,0.0,0.0,-3.0,-14.0,-3.0,-15.0,-2.0,-15.0,-2.0,-15.0,-2.0,-14.0,-2.0,-14.0,-2.0,-14.0,-2.0,-14.0,-1.0,-14.0,-2.0,-13.0,-1.0,-14.0,-1.0,-13.0,-1.0,-13.0,-1.0,-13.0,-1.0,-13.0,-1.0,-13.0,-1.0,-12.0,0.0,-12.0,0.0,-12.0,0.0,-11.0,0.0,-11.0,0.0,-11.0,0.0,-10.0,0.0,-10.0,0.0,-10.0,0.0,-10.0
4.4944,122.0,-96.0,7.0,0.0,0.0,0.0,0.0,0.0,0.0,0.0,0.0,0.0,15.0,2.0,15.0,2.0,15.0,2.0,15.0,3.0,15.0,3.0,15.0,3.0,14.0,2.0,15.0,3.0,14.0,3.0,14.0,3.0,14.0,3.0,13.0,3.0,13.0,4.0,13.0,3.0,13.0,3.0,13.0,3.0,13.0,3.0,12.0,3.0,11.0,3.0,12.0,3.0,11.0,3.0,11.0,3.0,10.0,3.0,10.0,3.0,10.0,3.0,9.0,3.0
4.5177,122.0,-96.0,7.0,0.0,0.0,0.0,0.0,0.0,0.0,0.0,0.0,0.0,3.0,-8.0,6.0,-10.0,8.0,-11.0,10.0,-13.0,11.0,-15.0,12.0,-16.0,12.0,-16.0,12.0,-16.0,11.0,-15.0,10.0,-14.0,9.0,-12.0,7.0,-9.0,5.0,-7.0,3.0,-4.0,1.0,-1.0,1.0,3.0,-1.0,6.0,-2.0,10.0,-3.0,12.0,-3.0,14.0,-3.0,16.0,-3.0,18.0,-3.0,18.0,-2.0,18.0,-1.0,17.0,-1.0,16.0
4.5318,122.0,-96.0,7.0,0.0,0.0,0.0,0.0,0.0,0.0,0.0,0.0,0.0,-13.0,5.0,-14.0,4.0,-13.0,5.0,-13.0,5.0,-13.0,4.0,-13.0,4.0,-13.0,5.0,-13.0,4.0,-13.0,4.0,-13.0,4.0,-13.0,4.0,-13.0,4.0,-13.0,4.0,-12.0,3.0,-12.0,4.0,-12.0,3.0,-12.0,3.0,-12.0,3.0,-11.0,3.0,-11.0,3.0,-11.0,3.0,-11.0,3.0,-10.0,3.0,-10.0,3.0,-9.0,2.0,-9.0,2.0
4.5526,122.0,-96.0,7.0,0.0,0.0,0.0,0.0,0.0,0.0,0.0,0.0,0.0,14.0,-13.0,13.0,-12.0,11.0,-10.0,9.0,-8.0,7.0,-5.0,4.0,-2.0,1.0,1.0,0.0,4.0,-3.0,7.0,-4.0,10.0,-6.0,12.0,-6.0,14.0,-7.0,16.0,-7.0,18.0,-7.0,18.0,-6.0,18.0,-6.0,17.0,-5.0,15.0,-5.0,13.0,-4.0,10.0,-3.0,6.0,-3.0,3.0,-2.0,0.0,-2.0,-4.0,-3.0,-8.0,-2.0,-10.0
4.5657,122.0,-96.0,7.0,0.0,0.0,0.0,0.0,0.0,0.0,0.0,0.0,0.0,8.0,-12.0,7.0,-12.0,7.0,-11.0,9.0,-11.0,8.0,-12.0,7.0,-11.0,8.0,-11.0,7.0,-13.0,8.0,-10.0,7.0,-10.0,8.0,-10.0,7.0,-10.0,6.0,-9.0,7.0,-9.0,7.0,-9.0,7.0,-9.0,6.0,-8.0,7.0,-8.0,7.0,-8.0,7.0,-7.0,7.0,-8.0,7.0,-7.0,7.0,-7.0,7.0,-7.0,6.0,-6.0,6.0,-6.0
4.5893,122.0,-96.0,7.0,0.0,0.0,0.0,0.0,0.0,0.0,0.0,0.0,0.0,14.0,-12.0,15.0,-13.0,16.0,-13.0,15.0,-13.0,14.0,-12.0,12.0,-12.0,11.0,-10.0,9.0,-8.0,6.0,-5.0,4.0,-3.0,2.0,0.0,0.0,3.0,-2.0,6.0,-4.0,9.0,-5.0,12.0,-6.0,14.0,-7.0,15.0,-7.0,17.0,-8.0,17.0,-7.0,18.0,-7.0,17.0,-6.0,15.0,-4.0,14.0,-4.0,11.0,-3.0,8.0,-2.0,5.0
4.6072,122.0,-96.0,7.0,0.0,0.0,0.0,0.0,0.0,0.0,0.0,0.0,0.0,-12.0,-11.0,-12.0,-12.0,-11.0,-10.0,-12.0,-11.0,-11.0,-11.0,-11.0,-12.0,-11.0,-11.0,-11.0,-11.0,-11.0,-11.0,-11.0,-12.0,-10.0,-12.0,-10.0,-12.0,-9.0,-12.0,-10.0,-12.0,-9.0,-11.0,-9.0,-11.0,-9.0,-11.0,-9.0,-11.0,-9.0,-11.0,-8.0,-10.0,-8.0,-10.0,-8.0,-9.0,-7.0,-10.0,-7.0,-9.0,-7.0,-9.0,-6.0,-9.0
4.6304,122.0,-96.0,7.0,0.0,0.0,0.0,0.0,0.0,0.0,0.0,0.0,0.0,-13.0,-15.0,-12.0,-14.0,-10.0,-11.0,-8.0,-10.0,-6.0,-7.0,-2.0,-6.0,1.0,-3.0,5.0,-1.0,7.0,1.0,10.0,3.0,13.0,3.0,15.0,4.0,17.0,5.0,18.0,5.0,18.0,4.0,18.0,4.0,17.0,4.0,15.0,3.0,13.0,2.0,10.0,1.0,7.0,1.0,3.0,1.0,0.0,1.0,-4.0,1.0,-7.0,2.0,-10.0,3.0
4.6525,122.0,-96.0,7.0,0.0,0.0,0.0,0.0,0.0,0.0,0.0,0.0,0.0,-8.0,2.0,-11.0,3.0,-14.0,3.0,-17.0,3.0,-19.0,4.0,-20.0,4.0,-20.0,4.0,-19.0,5.0,-19.0,4.0,-16.0,4.0,-14.0,3.0,-11.0,2.0,-8.0,1.0,-4.0,-1.0,-1.0,-2.0,1.0,-4.0,4.0,-6.0,7.0,-8.0,9.0,-10.0,11.0,-12.0,12.0,-13.0,12.0,-13.0,12.0,-15.0,11.0,-14.0,11.0,-14.0,10.0,-13.0
4.6744,122.0,-96.0,7.0,0.0,0.0,0.0,0.0,0.0,0.0,0.0,0.0,0.0,8.0,-1.0,4.0,0.0,1.0,2.0,-2.0,4.0,-5.0,6.0,-8.0,8.0,-10.0,10.0,-12.0,12.0,-14.0,13.0,-13.0,14.0,-14.0,14.0,-13.0,14.0,-11.0,13.0,-10.0,12.0,-9.0,11.0,-8.0,8.0,-6.0,5.0,-4.0,2.0,-2.0,-1.0,-1.0,-4.0,0.0,-8.0,0.0,-10.0,1.0,-14.0,0.0,-16.0,0.0,-18.0,1.0,-19.0
4.689,122.0,-96.0,7.0,0.0,0.0,0.0,0.0,0.0,0.0,0.0,0.0,0.0,-2.0,-20.0,-2.0,-20.0,-2.0,-20.0,-1.0,-20.0,-1.0,-20.0,-1.0,-20.0,-1.0,-20.0,-1.0,-20.0,-1.0,-19.0,0.0,-19.0,0.0,-19.0,0.0,-19.0,0.0,-18.0,0.0,-18.0,0.0,-18.0,1.0,-18.0,1.0,-17.0,0.0,-17.0,1.0,-16.0,1.0,-16.0,1.0,-15.0,1.0,-15.0,1.0,-15.0,1.0,-15.0,1.0,-13.0,1.0,-13.0
4.7109,122.0,-96.0,7.0,0.0,0.0,0.0,0.0,0.0,0.0,0.0,0.0,0.0,3.0,7.0,0.0,5.0,-2.0,2.0,-5.0,-1.0,-8.0,-3.0,-11.0,-5.0,-13.0,-7.0,-15.0,-8.0,-17.0,-8.0,-18.0,-9.0,-18.0,-9.0,-18.0,-8.0,-17.0,-8.0,-15.0,-7.0,-14.0,-6.0,-10.0,-5.0,-7.0,-4.0,-4.0,-3.0,-1.0,-2.0,3.0,-2.0,7.0,-2.0,10.0,-2.0,13.0,-3.0,15.0,-3.0,17.0,-3.0,17.0,-5.0
4.725,122.0,-96.0,7.0,0.0,0.0,0.0,0.0,0.0,0.0,0.0,0.0,0.0,-12.0,8.0,-12.0,8.0,-11.0,7.0,-12.0,7.0,-12.0,7.0,-12.0,7.0,-12.0,7.0,-12.0,7.0,-12.0,7.0,-11.0,6.0,-12.0,6.0,-12.0,6.0,-11.0,6.0,-11.0,6.0,-11.0,6.0,-11.0,5.0,-11.0,5.0,-11.0,5.0,-11.0,5.0,-10.0,4.0,-10.0,5.0,-10.0,4.0,-10.0,4.0,-9.0,4.0,-9.0,4.0,-9.0,3.0
4.7484,122.0,-96.0,7.0,0.0,0.0,0.0,0.0,0.0,0.0,0.0,0.0,0.0,-15.0,12.0,-14.0,11.0,-12.0,9.0,-10.0,6.0,-8.0,4.0,-5.0,1.0,-3.0,-2.0,0.0,-5.0,1.0,-8.0,3.0,-11.0,4.0,-14.0,5.0,-15.0,5.0,-17.0,5.0,-19.0,5.0,-19.0,5.0,-19.0,5.0,-18.0,4.0,-16.0,3.0,-14.0,3.0,-11.0,2.0,-8.0,2.0,-4.0,1.0,-1.0,1.0,3.0,2.0,6.0,2.0,9.0
4.7722,122.0,-96.0,7.0,0.0,0.0,0.0,0.0,0.0,0.0,0.0,0.0,0.0,4.0,7.0,6.0,10.0,8.0,13.0,9.0,15.0,10.0,17.0,10.0,19.0,11.0,19.0,11.0,18.0,10.0,17.0,9.0,15.0,8.0,13.0,7.0,10.0,4.0,8.0,1.0,5.0,-1.0,2.0,-4.0,-1.0,-7.0,-4.0,-11.0,-6.0,-13.0,-7.0,-16.0,-8.0,-17.0,-9.0,-19.0,-9.0,-20.0,-9.0,-19.0,-9.0,-19.0,-8.0,-17.0,-7.0
4.7941,122.0,-96.0,7.0,0.0,0.0,0.0,0.0,0.0,0.0,0.0,0.0,0.0,11.0,15.0,10.0,13.0,9.0,11.0,7.0,9.0,5.0,6.0,1.0,5.0,-2.0,2.0,-5.0,0.0,-8.0,-2.0,-11.0,-4.0,-13.0,-5.0,-16.0,-6.0,-17.0,-7.0,-18.0,-6.0,-19.0,-6.0,-19.0,-6.0,-18.0,-6.0,-16.0,-6.0,-14.0,-4.0,-12.0,-3.0,-9.0,-3.0,-5.0,-2.0,-2.0,-3.0,2.0,-2.0,5.0,-2.0,8.0,-4.0
4.8066,122.0,-96.0,7.0,0.0,0.0,0.0,0.0,0.0,0.0,0.0,0.0,0.0,3.0,19.0,3.0,19.0,3.0,19.0,3.0,19.0,2.0,19.0,2.0,19.0,2.0,18.0,2.0,18.0,1.0,18.0,1.0,18.0,1.0,18.0,1.0,18.0,1.0,17.0,1.0,17.0,1.0,17.0,0.0,17.0,0.0,16.0,1.0,16.0,0.0,15.0,0.0,15.0,0.0,15.0,0.0,14.0,0.0,14.0,0.0,13.0,-1.0,13.0,0.0,12.0
4.8273,122.0,-96.0,7.0,0.0,0.0,0.0,0.0,0.0,0.0,0.0,0.0,0.0,-8.0,1.0,-11.0,1.0,-14.0,1.0,-17.0,1.0,-19.0,1.0,-20.0,2.0,-20.0,2.0,-20.0,3.0,-19.0,2.0,-17.0,2.0,-15.0,1.0,-12.0,1.0,-9.0,0.0,-5.0,-1.0,-2.0,-2.0,1.0,-3.0,4.0,-5.0,7.0,-7.0,9.0,-9.0,11.0,-10.0,12.0,-12.0,13.0,-13.0,14.0,-13.0,13.0,-13.0,12.0,-13.0,11.0,-12.0
4.8516,122.0,-96.0,7.0,0.0,0.0,0.0,0.0,0.0,0.0,0.0,0.0,0.0,-9.0,-2.0,-5.0,-2.0,-2.0,-3.0,2.0,-4.0,5.0,-5.0,9.0,-6.0,12.0,-7.0,14.0,-9.0,16.0,-9.0,15.0,-10.0,16.0,-11.0,16.0,-11.0,14.0,-11.0,13.0,-10.0,11.0,-9.0,9.0,-7.0,7.0,-6.0,4.0,-3.0,1.0,0.0,-1.0,2.0,-2.0,6.0,-4.0,8.0,-5.0,11.0,-6.0,13.0,-5.0,15.0,-7.0,17.0
4.8768,122.0,-96.0,7.0,0.0,0.0,0.0,0.0,0.0,0.0,0.0,0.0,0.0,-5.0,11.0,-5.0,5.0,-5.0,1.0,-5.0,-5.0,-5.0,-10.0,-5.0,-15.0,-6.0,-19.0,-7.0,-22.0,-7.0,-24.0,-9.0,-27.0,-10.0,-26.0,-9.0,-25.0,-10.0,-24.0,-9.0,-22.0,-8.0,-19.0,-6.0,-15.0,-5.0,-11.0,-2.0,-7.0,1.0,-4.0,3.0,0.0,8.0,4.0,10.0,7.0,13.0,10.0,17.0,12.0,19.0,12.0,20.0,13.0
4.8986,122.0,-96.0,7.0,0.0,0.0,0.0,0.0,0.0,0.0,0.0,0.0,0.0,16.0,0.0,17.0,0.0,18.0,0.0,18.0,0.0,16.0,0.0,14.0,-1.0,12.0,0.0,10.0,0.0,7.0,0.0,4.0,1.0,1.0,2.0,-3.0,2.0,-6.0,3.0,-8.0,4.0,-11.0,5.0,-13.0,5.0,-14.0,6.0,-15.0,7.0,-16.0,7.0,-15.0,8.0,-14.0,7.0,-13.0,7.0,-11.0,6.0,-9.0,5.0,-7.0,4.0,-4.0,2.0
4.9121,122.0,-96.0,7.0,0.0,0.0,0.0,0.0,0.0,0.0,0.0,0.0,0.0,18.0,7.0,17.0,7.0,18.0,7.0,17.0,7.0,17.0,8.0,17.0,8.0,17.0,8.0,17.0,8.0,16.0,8.0,16.0,8.0,16.0,8.0,15.0,9.0,15.0,8.0,15.0,8.0,14.0,8.0,14.0,8.0,14.0,8.0,13.0,8.0,13.0,8.0,12.0,8.0,12.0,7.0,11.0,7.0,11.0,7.0,11.0,7.0,10.0,7.0,9.0,7.0
4.9362,122.0,-96.0,7.0,0.0,0.0,0.0,0.0,0.0,0.0,0.0,0.0,0.0,-10.0,2.0,-6.0,0.0,-3.0,-2.0,0.0,-6.0,3.0,-8.0,6.0,-11.0,8.0,-14.0,10.0,-16.0,11.0,-17.0,11.0,-19.0,11.0,-19.0,11.0,-19.0,9.0,-18.0,8.0,-16.0,7.0,-15.0,6.0,-12.0,4.0,-9.0,3.0,-5.0,2.0,-1.0,1.0,3.0,1.0,6.0,0.0,10.0,0.0,14.0,0.0,16.0,2.0,18.0,1.0,20.0
4.9486,122.0,-96.0,7.0,0.0,0.0,0.0,0.0,0.0,0.0,0.0,0.0,0.0,6.0,11.0,6.0,12.0,6.0,11.0,6.0,12.0,5.0,12.0,6.0,12.0,5.0,12.0,5.0,12.0,5.0,11.0,5.0,12.0,5.0,12.0,5.0,11.0,4.0,11.0,4.0,11.0,4.0,11.0,4.0,11.0,4.0,10.0,4.0,10.0,4.0,10.0,3.0,10.0,4.0,9.0,3.0,9.0,3.0,9.0,3.0,9.0,3.0,8.0,2.0,8.0
4.9618,122.0,-96.0,7.0,0.0,0.0,0.0,0.0,0.0,0.0,0.0,0.0,0.0,19.0,0.0,19.0,0.0,19.0,1.0,19.0,1.0,18.0,1.0,19.0,1.0,19.0,1.0,18.0,1.0,18.0,1.0,18.0,1.0,18.0,2.0,17.0,2.0,17.0,2.0,17.0,2.0,17.0,2.0,16.0,2.0,16.0,3.0,15.0,2.0,15.0,2.0,14.0,2.0,14.0,2.0,14.0,2.0,13.0,2.0,13.0,2.0,12.0,2.0,12.0,2.0
4.9833,122.0,-96.0,7.0,0.0,0.0,0.0,0.0,0.0,0.0,0.0,0.0,0.0,-15.0,-9.0,-16.0,-9.0,-16.0,-9.0,-16.0,-8.0,-16.0,-8.0,-13.0,-8.0,-12.0,-7.0,-9.0,-6.0,-6.0,-4.0,-4.0,-4.0,0.0,-3.0,3.0,-2.0,6.0,-2.0,9.0,-1.0,12.0,-1.0,14.0,0.0,15.0,0.0,16.0,0.0,17.0,0.0,16.0,-1.0,15.0,-1.0,14.0,-1.0,12.0,-1.0,10.0,-1.0,6.0,-1.0,3.0,0.0
4.9973,122.0,-96.0,7.0,0.0,0.0,0.0,0.0,0.0,0.0,0.0,0.0,0.0,-1.0,-20.0,-1.0,-20.0,-1.0,-20.0,0.0,-20.0,0.0,-20.0,0.0,-20.0,0.0,-19.0,0.0,-20.0,0.0,-19.0,0.0,-19.0,1.0,-19.0,1.0,-18.0,1.0,-18.0,1.0,-18.0,1.0,-17.0,1.0,-18.0,1.0,-17.0,1.0,-17.0,2.0,-16.0,2.0,-15.0,1.0,-15.0,1.0,-15.0,1.0,-14.0,2.0,-14.0,2.0,-13.0,1.0,-13.0
5.0205,122.0,-96.0,7.0,0.0,0.0,0.0,0.0,0.0,0.0,0.0,0.0,0.0,1.0,8.0,1.0,11.0,1.0,13.0,1.0,16.0,1.0,17.0,2.0,19.0,2.0,19.0,2.0,19.0,2.0,18.0,2.0,16.0,1.0,13.0,1.0,11.0,0.0,8.0,-1.0,5.0,-2.0,1.0,-4.0,-3.0,-5.0,-6.0,-7.0,-8.0,-9.0,-10.0,-10.0,-12.0,-12.0,-13.0,-13.0,-14.0,-13.0,-15.0,-13.0,-14.0,-13.0,-13.0,-12.0,-12.0
