time,sc_0,sc_1,sc_2,sc_3,sc_4,sc_5,sc_6,sc_7,sc_8,sc_9,sc_10,sc_11,sc_12,sc_13,sc_14,sc_15,sc_16,sc_17,sc_18,sc_19,sc_20,sc_21,sc_22,sc_23,sc_24,sc_25,sc_26,sc_27,sc_28,sc_29,sc_30,sc_31,sc_32,sc_33,sc_34,sc_35,sc_36,sc_37,sc_38,sc_39,sc_40,sc_41,sc_42,sc_43,sc_44,sc_45,sc_46,sc_47,sc_48,sc_49,sc_50,sc_51,sc_52,sc_53,sc_54,sc_55,sc_56,sc_57,sc_58,sc_59,sc_60,sc_61,sc_62,sc_63
0.0,122.0,-96.0,7.0,0.0,0.0,0.0,0.0,0.0,0.0,0.0,0.0,0.0,31.0,-1.0,32.0,-1.0,32.0,1.0,32.0,0.0,30.0,1.0,28.0,0.0,24.0,0.0,21.0,-1.0,16.0,-2.0,11.0,-4.0,6.0,-8.0,2.0,-11.0,-2.0,-14.0,-5.0,-18.0,-8.0,-22.0,-10.0,-25.0,-11.0,-28.0,-12.0,-30.0,-10.0,-31.0,-9.0,-30.0,-7.0,-30.0,-7.0,-27.0,-7.0,-24.0,-5.0,-20.0,-6.0,-15.0,-7.0,-10.0
0.0315,122.0,-96.0,7.0,0.0,0.0,0.0,0.0,0.0,0.0,0.0,0.0,0.0,-17.0,-26.0,-16.0,-25.0,-14.0,-22.0,-13.0,-18.0,-12.0,-13.0,-11.0,-8.0,-11.0,-2.0,-11.0,4.0,-12.0,9.0,-13.0,13.0,-14.0,18.0,-17.0,21.0,-19.0,23.0,-21.0,24.0,-21.0,24.0,-21.0,23.0,-22.0,22.0,-19.0,19.0,-18.0,17.0,-14.0,14.0,-10.0,12.0,-5.0,9.0,0.0,7.0,5.0,8.0,11.0,6.0,16.0,6.0
0.1337,122.0,-96.0,7.0,0.0,0.0,0.0,0.0,0.0,0.0,0.0,0.0,0.0,-5.0,-19.0,-6.0,-20.0,-5.0,-20.0,-5.0,-20.0,-5.0,-19.0,-4.0,-17.0,-4.0,-15.0,-4.0,-12.0,-5.0,-9.0,-5.0,-5.0,-6.0,-2.0,-7.0,1.0,-9.0,4.0,-10.0,7.0,-12.0,9.0,-14.0,10.0,-15.0,11.0,-16.0,12.0,-17.0,12.0,-16.0,11.0,-15.0,10.0,-14.0,9.0,-12.0,7.0,-9.0,6.0,-6.0,5.0,-3.0,5.0
0.1603,122.0,-96.0,7.0,0.0,0.0,0.0,0.0,0.0,0.0,0.0,0.0,0.0,20.0,-4.0,24.0,-10.0,28.0,-14.0,30.0,-16.0,33.0,-17.0,36.0,-17.0,36.0,-17.0,35.0,-15.0,33.0,-14.0,31.0,-11.0,28.0,-11.0,21.0,-11.0,15.0,-9.0,9.0,-9.0,1.0,-11.0,-6.0,-14.0,-11.0,-17.0,-17.0,-20.0,-19.0,-23.0,-23.0,-25.0,-23.0,-28.0,-25.0,-30.0,-24.0,-31.0,-20.0,-32.0,-19.0,-29.0,-17.0,-27.0
0.1821,122.0,-96.0,7.0,0.0,0.0,0.0,0.0,0.0,0.0,0.0,0.0,0.0,3.0,0.0,3.0,0.0,3.0,0.0,2.0,0.0,2.0,0.0,1.0,0.0,1.0,0.0,0.0,-1.0,0.0,0.0,0.0,0.0,-1.0,0.0,-1.0,0.0,-2.0,0.0,-2.0,0.0,-2.0,0.0,-3.0,0.0,-4.0,1.0,-4.0,1.0,-4.0,1.0,-5.0,2.0,-5.0,2.0,-6.0,3.0,-6.0,3.0,-7.0,4.0,-7.0,4.0,-7.0,5.0
0.1893,122.0,-96.0,7.0,0.0,0.0,0.0,0.0,0.0,0.0,0.0,0.0,0.0,18.0,-8.0,16.0,-7.0,14.0,-5.0,11.0,-5.0,8.0,-6.0,5.0,-6.0,1.0,-7.0,-2.0,-8.0,-5.0,-10.0,-8.0,-11.0,-10.0,-13.0,-11.0,-14.0,-12.0,-16.0,-12.0,-16.0,-12.0,-17.0,-11.0,-17.0,-10.0,-17.0,-9.0,-15.0,-8.0,-13.0,-6.0,-9.0,-6.0,-7.0,-5.0,-3.0,-6.0,0.0,-6.0,4.0,-6.0,7.0,-8.0,9.0
0.2229,122.0,-96.0,7.0,0.0,0.0,0.0,0.0,0.0,0.0,0.0,0.0,0.0,-5.0,10.0,-4.0,13.0,-4.0,16.0,-4.0,18.0,-5.0,20.0,-5.0,22.0,-5.0,22.0,-5.0,21.0,-6.0,20.0,-6.0,18.0,-4.0,15.0,-3.0,12.0,-2.0,9.0,1.0,6.0,4.0,4.0,7.0,2.0,11.0,0.0,14.0,-2.0,16.0,-1.0,19.0,-2.0,20.0,-2.0,21.0,-1.0,21.0,-1.0,20.0,1.0,19.0,1.0,17.0,1.0
0.2357,122.0,-96.0,7.0,0.0,0.0,0.0,0.0,0.0,0.0,0.0,0.0,0.0,-5.0,9.0,-3.0,12.0,-2.0,14.0,-2.0,17.0,-2.0,18.0,-3.0,20.0,-3.0,20.0,-4.0,20.0,-5.0,18.0,-4.0,16.0,-3.0,14.0,-2.0,11.0,0.0,8.0,1.0,4.0,4.0,3.0,6.0,1.0,9.0,-1.0,12.0,-2.0,15.0,-3.0,16.0,-3.0,18.0,-3.0,20.0,-2.0,19.0,-2.0,18.0,-1.0,17.0,0.0,16.0,0.0
0.2682,122.0,-96.0,7.0,0.0,0.0,0.0,0.0,0.0,0.0,0.0,0.0,0.0,-13.0,6.0,-16.0,9.0,-17.0,12.0,-18.0,15.0,-21.0,16.0,-22.0,17.0,-23.0,17.0,-23.0,16.0,-21.0,15.0,-20.0,12.0,-17.0,12.0,-14.0,9.0,-10.0,8.0,-4.0,7.0,0.0,7.0,5.0,7.0,10.0,8.0,14.0,10.0,17.0,11.0,20.0,12.0,21.0,14.0,21.0,15.0,21.0,16.0,20.0,17.0,17.0,16.0,16.0,14.0
0.2853,122.0,-96.0,7.0,0.0,0.0,0.0,0.0,0.0,0.0,0.0,0.0,0.0,9.0,-2.0,12.0,-4.0,13.0,-5.0,15.0,-7.0,17.0,-7.0,19.0,-7.0,18.0,-7.0,18.0,-6.0,17.0,-6.0,16.0,-5.0,13.0,-5.0,11.0,-4.0,7.0,-4.0,4.0,-5.0,1.0,-6.0,-2.0,-7.0,-6.0,-9.0,-8.0,-11.0,-10.0,-13.0,-11.0,-14.0,-12.0,-15.0,-12.0,-16.0,-11.0,-17.0,-10.0,-17.0,-9.0,-16.0,-8.0,-14.0
0.3175,122.0,-96.0,7.0,0.0,0.0,0.0,0.0,0.0,0.0,0.0,0.0,0.0,-3.0,4.0,-3.0,4.0,-3.0,3.0,-3.0,3.0,-3.0,3.0,-2.0,3.0,-2.0,2.0,-2.0,2.0,-2.0,1.0,-1.0,1.0,-1.0,1.0,-1.0,0.0,-1.0,0.0,-1.0,0.0,-1.0,-2.0,-1.0,-2.0,-2.0,-2.0,-1.0,-3.0,-2.0,-4.0,-2.0,-4.0,-2.0,-5.0,-2.0,-5.0,-2.0,-6.0,-3.0,-6.0,-3.0,-7.0,-4.0,-7.0
0.3311,122.0,-96.0,7.0,0.0,0.0,0.0,0.0,0.0,0.0,0.0,0.0,0.0,3.0,8.0,5.0,10.0,8.0,12.0,9.0,13.0,10.0,15.0,11.0,16.0,10.0,16.0,10.0,17.0,9.0,16.0,7.0,14.0,7.0,12.0,6.0,10.0,5.0,6.0,5.0,3.0,5.0,-1.0,5.0,-4.0,6.0,-7.0,7.0,-10.0,9.0,-13.0,10.0,-14.0,11.0,-15.0,12.0,-16.0,12.0,-16.0,12.0,-14.0,12.0,-13.0,11.0,-12.0
0.3509,122.0,-96.0,7.0,0.0,0.0,0.0,0.0,0.0,0.0,0.0,0.0,0.0,16.0,0.0,17.0,0.0,17.0,1.0,17.0,0.0,16.0,1.0,15.0,0.0,12.0,0.0,10.0,-1.0,7.0,-2.0,5.0,-3.0,2.0,-5.0,0.0,-7.0,-2.0,-9.0,-4.0,-11.0,-6.0,-13.0,-7.0,-14.0,-7.0,-16.0,-8.0,-17.0,-6.0,-17.0,-6.0,-16.0,-5.0,-15.0,-5.0,-13.0,-5.0,-12.0,-4.0,-9.0,-4.0,-6.0,-4.0,-3.0
0.4271,-75.0,80.0,11.0,0.0,0.0,0.0,0.0,0.0,0.0,0.0,0.0,0.0,-14.0,17.0,-9.0,18.0,-9.0,20.0,-6.0,22.0,1.0,20.0,-7.0,24.0,2.0,16.0,0.0,16.0,5.0,11.0,-2.0,6.0,0.0,5.0,-2.0,-3.0,-1.0,-3.0,-6.0,-10.0,-9.0,-13.0,-14.0,-18.0,-18.0,-16.0,-15.0,-19.0,-23.0,-14.0,-20.0,-15.0,-26.0,-15.0,-22.0,-13.0,-18.0,-9.0,-19.0,-9.0,-15.0,-10.0,-10.0,-7.0
0.4302,122.0,-96.0,7.0,0.0,0.0,0.0,0.0,0.0,0.0,0.0,0.0,0.0,9.0,16.0,9.0,17.0,9.0,18.0,8.0,17.0,8.0,17.0,7.0,15.0,6.0,13.0,6.0,11.0,5.0,8.0,5.0,4.0,6.0,1.0,5.0,-2.0,7.0,-6.0,8.0,-9.0,9.0,-12.0,10.0,-13.0,11.0,-14.0,12.0,-15.0,13.0,-15.0,13.0,-15.0,13.0,-14.0,12.0,-13.0,10.0,-11.0,8.0,-9.0,6.0,-8.0,3.0,-7.0
0.442,122.0,-96.0,7.0,0.0,0.0,0.0,0.0,0.0,0.0,0.0,0.0,0.0,-1.0,7.0,0.0,10.0,1.0,12.0,2.0,15.0,2.0,16.0,1.0,17.0,1.0,17.0,0.0,18.0,0.0,16.0,0.0,15.0,0.0,13.0,0.0,11.0,1.0,8.0,2.0,5.0,3.0,3.0,5.0,1.0,7.0,-2.0,9.0,-4.0,11.0,-5.0,13.0,-6.0,14.0,-6.0,16.0,-6.0,16.0,-6.0,16.0,-5.0,16.0,-5.0,15.0,-3.0
0.4791,122.0,-96.0,7.0,0.0,0.0,0.0,0.0,0.0,0.0,0.0,0.0,0.0,-16.0,-5.0,-17.0,-5.0,-17.0,-6.0,-17.0,-6.0,-17.0,-6.0,-15.0,-5.0,-13.0,-4.0,-11.0,-3.0,-9.0,-2.0,-7.0,0.0,-5.0,3.0,-4.0,5.0,-2.0,7.0,-1.0,10.0,0.0,12.0,1.0,14.0,1.0,16.0,1.0,17.0,0.0,17.0,-1.0,17.0,-1.0,15.0,-1.0,14.0,0.0,13.0,-1.0,10.0,0.0,7.0,2.0,5.0
0.4906,122.0,-96.0,7.0,0.0,0.0,0.0,0.0,0.0,0.0,0.0,0.0,0.0,3.0,15.0,3.0,17.0,3.0,17.0,3.0,17.0,3.0,16.0,2.0,15.0,2.0,13.0,2.0,10.0,3.0,7.0,3.0,4.0,4.0,1.0,6.0,-1.0,7.0,-4.0,8.0,-7.0,10.0,-8.0,11.0,-9.0,12.0,-10.0,13.0,-11.0,13.0,-11.0,13.0,-11.0,13.0,-10.0,11.0,-9.0,10.0,-8.0,8.0,-7.0,5.0,-6.0,3.0,-5.0
0.5256,122.0,-96.0,7.0,0.0,0.0,0.0,0.0,0.0,0.0,0.0,0.0,0.0,-3.0,3.0,-3.0,3.0,-3.0,3.0,-3.0,2.0,-2.0,2.0,-2.0,1.0,-2.0,1.0,-2.0,1.0,-1.0,0.0,-1.0,0.0,-1.0,0.0,-1.0,-1.0,-1.0,-2.0,-1.0,-2.0,-1.0,-3.0,-1.0,-3.0,-2.0,-3.0,-2.0,-4.0,-2.0,-5.0,-2.0,-5.0,-1.0,-6.0,-2.0,-6.0,-2.0,-7.0,-3.0,-7.0,-3.0,-8.0,-4.0,-9.0
0.5349,71.0,113.0,20.0,0.0,0.0,0.0,0.0,0.0,0.0,0.0,0.0,0.0,-21.0,19.0,-24.0,15.0,-19.0,18.0,-14.0,6.0,-11.0,-4.0,-3.0,-7.0,2.0,-10.0,1.0,-15.0,-1.0,-20.0,1.0,-27.0,2.0,-34.0,-3.0,-33.0,-10.0,-31.0,-5.0,-39.0,-6.0,-34.0,-10.0,-28.0,-7.0,-27.0,-9.0,-19.0,-9.0,-19.0,-4.0,-18.0,-5.0,-8.0,5.0,-5.0,6.0,-3.0,14.0,-7.0,17.0,-7.0,22.0,-13.0
0.5371,122.0,-96.0,7.0,0.0,0.0,0.0,0.0,0.0,0.0,0.0,0.0,0.0,17.0,-14.0,17.0,-14.0,18.0,-13.0,17.0,-13.0,17.0,-13.0,16.0,-12.0,13.0,-11.0,11.0,-10.0,7.0,-9.0,4.0,-7.0,0.0,-8.0,-3.0,-8.0,-8.0,-8.0,-11.0,-9.0,-14.0,-9.0,-16.0,-11.0,-18.0,-12.0,-19.0,-14.0,-19.0,-14.0,-18.0,-14.0,-17.0,-13.0,-15.0,-12.0,-14.0,-11.0,-11.0,-9.0,-9.0,-6.0,-8.0,-2.0
0.5704,122.0,-96.0,7.0,0.0,0.0,0.0,0.0,0.0,0.0,0.0,0.0,0.0,-5.0,9.0,-2.0,8.0,1.0,6.0,4.0,5.0,8.0,4.0,11.0,4.0,13.0,4.0,16.0,5.0,17.0,6.0,19.0,7.0,18.0,7.0,17.0,8.0,17.0,8.0,15.0,8.0,13.0,7.0,11.0,6.0,8.0,3.0,6.0,0.0,5.0,-3.0,3.0,-5.0,2.0,-9.0,2.0,-12.0,2.0,-15.0,2.0,-17.0,3.0,-18.0,4.0,-19.0
0.5852,122.0,-96.0,7.0,0.0,0.0,0.0,0.0,0.0,0.0,0.0,0.0,0.0,4.0,-2.0,4.0,-3.0,4.0,-2.0,3.0,-2.0,3.0,-1.0,2.0,-2.0,2.0,-1.0,2.0,-1.0,1.0,-1.0,2.0,0.0,1.0,0.0,1.0,0.0,1.0,1.0,1.0,1.0,1.0,2.0,0.0,2.0,0.0,2.0,0.0,3.0,0.0,4.0,0.0,4.0,-1.0,5.0,0.0,6.0,0.0,6.0,0.0,6.0,0.0,7.0,0.0,8.0
0.5912,122.0,-96.0,7.0,0.0,0.0,0.0,0.0,0.0,0.0,0.0,0.0,0.0,10.0,-13.0,11.0,-14.0,12.0,-14.0,11.0,-13.0,11.0,-13.0,10.0,-12.0,8.0,-10.0,7.0,-9.0,4.0,-8.0,1.0,-6.0,-2.0,-6.0,-5.0,-5.0,-8.0,-4.0,-11.0,-4.0,-13.0,-4.0,-15.0,-5.0,-16.0,-6.0,-17.0,-6.0,-17.0,-7.0,-17.0,-6.0,-15.0,-6.0,-14.0,-6.0,-13.0,-5.0,-10.0,-4.0,-8.0,-3.0,-6.0,0.0
0.6266,122.0,-96.0,7.0,0.0,0.0,0.0,0.0,0.0,0.0,0.0,0.0,0.0,-1.0,-5.0,-1.0,-5.0,-1.0,-4.0,0.0,-4.0,0.0,-3.0,-1.0,-4.0,-1.0,-3.0,0.0,-3.0,0.0,-2.0,0.0,-2.0,0.0,-1.0,1.0,-1.0,1.0,0.0,2.0,0.0,2.0,0.0,2.0,0.0,2.0,1.0,3.0,0.0,3.0,1.0,4.0,1.0,4.0,1.0,5.0,2.0,6.0,1.0,7.0,2.0,7.0,2.0,8.0,2.0
0.6334,122.0,-96.0,7.0,0.0,0.0,0.0,0.0,0.0,0.0,0.0,0.0,0.0,12.0,8.0,16.0,8.0,22.0,8.0,25.0,9.0,28.0,11.0,31.0,11.0,29.0,12.0,28.0,13.0,26.0,14.0,25.0,13.0,21.0,11.0,18.0,10.0,15.0,5.0,12.0,0.0,9.0,-4.0,6.0,-8.0,4.0,-13.0,2.0,-17.0,4.0,-23.0,4.0,-26.0,5.0,-29.0,6.0,-31.0,6.0,-32.0,8.0,-31.0,7.0,-30.0,8.0,-27.0
0.6634,122.0,-96.0,7.0,0.0,0.0,0.0,0.0,0.0,0.0,0.0,0.0,0.0,-4.0,3.0,-3.0,2.0,-3.0,2.0,-3.0,2.0,-3.0,2.0,-3.0,1.0,-2.0,1.0,-2.0,0.0,-2.0,0.0,-2.0,0.0,-2.0,-1.0,-1.0,-1.0,-1.0,-1.0,-1.0,-1.0,-1.0,-3.0,-1.0,-3.0,-1.0,-3.0,-2.0,-4.0,-1.0,-5.0,-2.0,-5.0,-1.0,-6.0,-2.0,-6.0,-2.0,-7.0,-2.0,-7.0,-3.0,-8.0,-3.0,-9.0
0.6792,122.0,-96.0,7.0,0.0,0.0,0.0,0.0,0.0,0.0,0.0,0.0,0.0,16.0,6.0,13.0,1.0,10.0,-3.0,8.0,-8.0,7.0,-14.0,7.0,-18.0,7.0,-23.0,7.0,-27.0,9.0,-29.0,10.0,-30.0,11.0,-31.0,12.0,-31.0,13.0,-27.0,11.0,-25.0,11.0,-22.0,9.0,-19.0,5.0,-16.0,1.0,-12.0,-3.0,-9.0,-8.0,-6.0,-13.0,-4.0,-18.0,-4.0,-23.0,-4.0,-26.0,-4.0,-28.0,-5.0,-31.0,-6.0
0.6911,122.0,-96.0,7.0,0.0,0.0,0.0,0.0,0.0,0.0,0.0,0.0,0.0,-17.0,0.0,-18.0,0.0,-18.0,-1.0,-18.0,-1.0,-18.0,-1.0,-17.0,-1.0,-15.0,0.0,-12.0,0.0,-9.0,1.0,-6.0,1.0,-4.0,4.0,-2.0,5.0,1.0,7.0,3.0,9.0,4.0,11.0,6.0,13.0,6.0,14.0,7.0,15.0,6.0,16.0,5.0,16.0,5.0,15.0,4.0,14.0,4.0,12.0,3.0,10.0,3.0,8.0,3.0,5.0
0.7502,122.0,-96.0,7.0,0.0,0.0,0.0,0.0,0.0,0.0,0.0,0.0,0.0,3.0,-3.0,3.0,-3.0,3.0,-3.0,3.0,-3.0,2.0,-2.0,2.0,-2.0,1.0,-2.0,1.0,-2.0,1.0,-1.0,1.0,-1.0,1.0,0.0,0.0,0.0,1.0,0.0,0.0,1.0,0.0,2.0,0.0,2.0,1.0,2.0,0.0,3.0,0.0,4.0,1.0,4.0,1.0,4.0,1.0,6.0,1.0,6.0,2.0,6.0,2.0,7.0,3.0,8.0
0.7741,122.0,-96.0,7.0,0.0,0.0,0.0,0.0,0.0,0.0,0.0,0.0,0.0,2.0,-5.0,2.0,-5.0,1.0,-5.0,2.0,-4.0,1.0,-3.0,0.0,-3.0,0.0,-2.0,1.0,-2.0,1.0,-2.0,0.0,-2.0,1.0,-1.0,0.0,0.0,1.0,0.0,1.0,1.0,1.0,1.0,1.0,2.0,2.0,2.0,1.0,3.0,2.0,4.0,2.0,4.0,2.0,4.0,3.0,5.0,3.0,5.0,5.0,6.0,5.0,6.0,6.0,7.0
0.7825,122.0,-96.0,7.0,0.0,0.0,0.0,0.0,0.0,0.0,0.0,0.0,0.0,-27.0,-3.0,-26.0,-3.0,-21.0,-3.0,-18.0,-2.0,-15.0,0.0,-11.0,3.0,-7.0,6.0,-4.0,10.0,-1.0,13.0,2.0,16.0,4.0,20.0,4.0,22.0,5.0,25.0,5.0,26.0,4.0,27.0,3.0,26.0,3.0,25.0,2.0,23.0,2.0,20.0,1.0,16.0,2.0,12.0,3.0,7.0,6.0,3.0,8.0,-2.0,10.0,-5.0,14.0,-8.0
0.8193,122.0,-96.0,7.0,0.0,0.0,0.0,0.0,0.0,0.0,0.0,0.0,0.0,5.0,2.0,5.0,2.0,4.0,2.0,4.0,2.0,4.0,1.0,3.0,1.0,3.0,1.0,2.0,1.0,2.0,1.0,2.0,0.0,1.0,1.0,0.0,1.0,0.0,1.0,-1.0,1.0,-1.0,1.0,-1.0,2.0,-2.0,2.0,-3.0,2.0,-3.0,2.0,-4.0,3.0,-4.0,3.0,-4.0,4.0,-5.0,4.0,-5.0,5.0,-6.0,5.0,-6.0,7.0
0.8284,122.0,-96.0,7.0,0.0,0.0,0.0,0.0,0.0,0.0,0.0,0.0,0.0,5.0,0.0,5.0,0.0,4.0,0.0,4.0,0.0,4.0,0.0,3.0,-1.0,3.0,0.0,2.0,0.0,2.0,0.0,2.0,0.0,1.0,0.0,1.0,1.0,0.0,1.0,0.0,1.0,0.0,1.0,0.0,2.0,-1.0,3.0,0.0,3.0,-1.0,3.0,-1.0,4.0,-1.0,4.0,-1.0,5.0,-1.0,5.0,-2.0,6.0,-1.0,6.0,-1.0,7.0
0.8568,-75.0,80.0,11.0,0.0,0.0,0.0,0.0,0.0,0.0,0.0,0.0,0.0,-13.0,-21.0,-9.0,-20.0,-15.0,-25.0,-15.0,-25.0,-17.0,-20.0,-12.0,-18.0,-11.0,-15.0,-11.0,-11.0,-9.0,-7.0,-3.0,-4.0,2.0,-2.0,6.0,-4.0,11.0,1.0,19.0,-2.0,22.0,-1.0,27.0,-1.0,27.0,-4.0,29.0,-1.0,26.0,-8.0,26.0,-7.0,26.0,-11.0,23.0,-11.0,21.0,-7.0,12.0,-9.0,12.0,-7.0,7.0,-4.0
0.861,122.0,-96.0,7.0,0.0,0.0,0.0,0.0,0.0,0.0,0.0,0.0,0.0,7.0,-15.0,1.0,-13.0,-3.0,-11.0,-8.0,-10.0,-14.0,-9.0,-19.0,-9.0,-22.0,-10.0,-26.0,-12.0,-27.0,-12.0,-29.0,-14.0,-28.0,-16.0,-27.0,-16.0,-26.0,-16.0,-23.0,-15.0,-20.0,-14.0,-16.0,-11.0,-13.0,-7.0,-11.0,-2.0,-9.0,2.0,-7.0,8.0,-6.0,13.0,-6.0,18.0,-7.0,21.0,-9.0,25.0,-10.0,27.0,-12.0,28.0
0.8739,122.0,-96.0,7.0,0.0,0.0,0.0,0.0,0.0,0.0,0.0,0.0,0.0,3.0,-17.0,3.0,-18.0,3.0,-18.0,3.0,-17.0,3.0,-17.0,3.0,-16.0,2.0,-14.0,2.0,-11.0,0.0,-9.0,-2.0,-7.0,-4.0,-5.0,-6.0,-3.0,-8.0,-1.0,-11.0,1.0,-13.0,2.0,-15.0,2.0,-16.0,2.0,-18.0,2.0,-18.0,1.0,-17.0,1.0,-16.0,1.0,-15.0,1.0,-14.0,0.0,-11.0,0.0,-8.0,1.0,-6.0,2.0
0.9099,122.0,-96.0,7.0,0.0,0.0,0.0,0.0,0.0,0.0,0.0,0.0,0.0,-4.0,1.0,-3.0,1.0,-3.0,1.0,-3.0,0.0,-3.0,0.0,-2.0,0.0,-2.0,-1.0,-2.0,-1.0,-2.0,-1.0,-2.0,-2.0,-2.0,-2.0,-2.0,-3.0,-2.0,-3.0,-2.0,-3.0,-2.0,-4.0,-3.0,-5.0,-3.0,-5.0,-3.0,-5.0,-3.0,-6.0,-4.0,-6.0,-3.0,-7.0,-4.0,-7.0,-4.0,-8.0,-5.0,-8.0,-5.0,-9.0,-6.0,-9.0
0.933,122.0,-96.0,7.0,0.0,0.0,0.0,0.0,0.0,0.0,0.0,0.0,0.0,12.0,23.0,12.0,24.0,12.0,25.0,12.0,24.0,12.0,23.0,10.0,21.0,9.0,18.0,8.0,15.0,8.0,10.0,7.0,5.0,8.0,1.0,8.0,-4.0,10.0,-8.0,11.0,-13.0,12.0,-16.0,14.0,-18.0,16.0,-20.0,17.0,-21.0,18.0,-21.0,17.0,-21.0,17.0,-19.0,16.0,-17.0,13.0,-16.0,10.0,-12.0,6.0,-11.0,3.0,-9.0
0.9571,122.0,-96.0,7.0,0.0,0.0,0.0,0.0,0.0,0.0,0.0,0.0,0.0,8.0,-3.0,10.0,-5.0,11.0,-6.0,13.0,-8.0,14.0,-8.0,15.0,-9.0,16.0,-8.0,15.0,-8.0,15.0,-7.0,13.0,-6.0,12.0,-6.0,9.0,-5.0,6.0,-5.0,4.0,-5.0,1.0,-5.0,-2.0,-6.0,-5.0,-8.0,-7.0,-9.0,-9.0,-10.0,-10.0,-12.0,-11.0,-13.0,-12.0,-13.0,-12.0,-14.0,-10.0,-14.0,-10.0,-14.0,-9.0,-13.0
0.9917,122.0,-96.0,7.0,0.0,0.0,0.0,0.0,0.0,0.0,0.0,0.0,0.0,2.0,8.0,4.0,11.0,6.0,13.0,7.0,14.0,8.0,17.0,8.0,17.0,7.0,17.0,8.0,19.0,6.0,17.0,5.0,15.0,5.0,14.0,4.0,11.0,4.0,7.0,5.0,4.0,5.0,1.0,5.0,-2.0,8.0,-5.0,9.0,-8.0,10.0,-10.0,12.0,-12.0,13.0,-12.0,15.0,-13.0,16.0,-12.0,15.0,-11.0,15.0,-11.0,14.0,-9.0
1.0385,122.0,-96.0,7.0,0.0,0.0,0.0,0.0,0.0,0.0,0.0,0.0,0.0,-11.0,1.0,-8.0,3.0,-5.0,4.0,-2.0,6.0,0.0,9.0,2.0,11.0,3.0,14.0,4.0,16.0,4.0,18.0,4.0,19.0,4.0,20.0,3.0,19.0,2.0,18.0,1.0,17.0,1.0,15.0,1.0,13.0,2.0,10.0,2.0,6.0,3.0,3.0,5.0,0.0,7.0,-3.0,9.0,-5.0,12.0,-7.0,14.0,-7.0,15.0,-8.0,18.0,-8.0
1.0769,122.0,-96.0,7.0,0.0,0.0,0.0,0.0,0.0,0.0,0.0,0.0,0.0,-11.0,1.0,-8.0,3.0,-4.0,4.0,-2.0,6.0,0.0,9.0,2.0,12.0,3.0,14.0,4.0,17.0,4.0,18.0,4.0,18.0,3.0,20.0,2.0,19.0,2.0,18.0,1.0,16.0,1.0,14.0,0.0,12.0,2.0,9.0,2.0,6.0,4.0,2.0,5.0,-1.0,8.0,-3.0,10.0,-5.0,13.0,-7.0,14.0,-8.0,16.0,-8.0,18.0,-7.0
1.1295,122.0,-96.0,7.0,0.0,0.0,0.0,0.0,0.0,0.0,0.0,0.0,0.0,6.0,-19.0,5.0,-18.0,5.0,-15.0,3.0,-13.0,1.0,-10.0,-1.0,-8.0,-4.0,-6.0,-7.0,-4.0,-10.0,-3.0,-13.0,-1.0,-15.0,-1.0,-17.0,-1.0,-19.0,-1.0,-20.0,-1.0,-21.0,-2.0,-20.0,-2.0,-19.0,-3.0,-17.0,-2.0,-15.0,-2.0,-13.0,-1.0,-9.0,0.0,-6.0,1.0,-4.0,3.0,-1.0,6.0,1.0,8.0,2.0,11.0
1.1509,122.0,-96.0,7.0,0.0,0.0,0.0,0.0,0.0,0.0,0.0,0.0,0.0,-5.0,0.0,-5.0,0.0,-4.0,1.0,-3.0,0.0,-4.0,0.0,-3.0,0.0,-3.0,0.0,-2.0,0.0,-2.0,-1.0,-1.0,-1.0,-1.0,-1.0,-1.0,-2.0,-1.0,-2.0,0.0,-3.0,0.0,-3.0,1.0,-3.0,1.0,-4.0,1.0,-4.0,1.0,-5.0,2.0,-5.0,2.0,-6.0,3.0,-6.0,2.0,-7.0,3.0,-8.0,3.0,-9.0,3.0,-9.0
1.1949,122.0,-96.0,7.0,0.0,0.0,0.0,0.0,0.0,0.0,0.0,0.0,0.0,19.0,-9.0,12.0,-10.0,6.0,-13.0,-1.0,-13.0,-5.0,-18.0,-10.0,-21.0,-14.0,-27.0,-16.0,-30.0,-17.0,-32.0,-19.0,-35.0,-17.0,-38.0,-15.0,-37.0,-13.0,-35.0,-13.0,-32.0,-11.0,-28.0,-8.0,-24.0,-9.0,-18.0,-8.0,-12.0,-10.0,-5.0,-12.0,1.0,-14.0,8.0,-18.0,13.0,-22.0,15.0,-26.0,19.0,-28.0,21.0,-32.0,21.0
1.2056,122.0,-96.0,7.0,0.0,0.0,0.0,0.0,0.0,0.0,0.0,0.0,0.0,1.0,2.0,1.0,2.0,1.0,2.0,1.0,1.0,0.0,1.0,0.0,1.0,0.0,1.0,0.0,1.0,-1.0,1.0,-1.0,0.0,-1.0,0.0,-1.0,0.0,-2.0,0.0,-2.0,-1.0,-3.0,-1.0,-3.0,0.0,-2.0,-1.0,-4.0,0.0,-4.0,-1.0,-5.0,-1.0,-5.0,0.0,-5.0,0.0,-6.0,0.0,-6.0,0.0,-6.0,0.0,-7.0,0.0
1.2336,122.0,-96.0,7.0,0.0,0.0,0.0,0.0,0.0,0.0,0.0,0.0,0.0,-13.0,11.0,-14.0,11.0,-14.0,10.0,-14.0,10.0,-13.0,10.0,-13.0,10.0,-11.0,8.0,-9.0,7.0,-7.0,6.0,-3.0,5.0,0.0,5.0,3.0,5.0,6.0,4.0,9.0,5.0,11.0,5.0,13.0,7.0,14.0,7.0,15.0,8.0,15.0,9.0,14.0,8.0,13.0,8.0,11.0,8.0,11.0,7.0,8.0,5.0,6.0,3.0,5.0,1.0
1.2491,122.0,-96.0,7.0,0.0,0.0,0.0,0.0,0.0,0.0,0.0,0.0,0.0,4.0,-8.0,4.0,-11.0,4.0,-13.0,4.0,-15.0,4.0,-16.0,5.0,-18.0,5.0,-18.0,6.0,-18.0,6.0,-16.0,6.0,-14.0,4.0,-13.0,3.0,-11.0,2.0,-8.0,0.0,-6.0,-3.0,-4.0,-6.0,-3.0,-8.0,-2.0,-11.0,-1.0,-13.0,0.0,-15.0,0.0,-17.0,0.0,-18.0,-1.0,-18.0,-1.0,-17.0,-2.0,-16.0,-2.0,-15.0,-2.0
1.2842,122.0,-96.0,7.0,0.0,0.0,0.0,0.0,0.0,0.0,0.0,0.0,0.0,-6.0,-10.0,-6.0,-6.0,-6.0,-3.0,-7.0,0.0,-9.0,4.0,-11.0,6.0,-13.0,8.0,-15.0,9.0,-16.0,10.0,-17.0,10.0,-18.0,10.0,-18.0,9.0,-17.0,8.0,-16.0,7.0,-14.0,6.0,-11.0,4.0,-9.0,4.0,-5.0,4.0,-1.0,5.0,2.0,5.0,5.0,7.0,7.0,8.0,10.0,9.0,11.0,11.0,12.0,13.0,12.0,14.0
1.318,122.0,-96.0,7.0,0.0,0.0,0.0,0.0,0.0,0.0,0.0,0.0,0.0,18.0,4.0,19.0,4.0,19.0,6.0,19.0,5.0,17.0,5.0,17.0,4.0,14.0,4.0,12.0,2.0,9.0,1.0,6.0,-2.0,4.0,-4.0,2.0,-7.0,0.0,-10.0,-1.0,-12.0,-2.0,-15.0,-2.0,-17.0,-3.0,-19.0,-3.0,-20.0,-2.0,-21.0,-2.0,-20.0,-1.0,-19.0,-1.0,-17.0,-2.0,-15.0,-1.0,-12.0,-2.0,-9.0,-3.0,-6.0
1.3353,122.0,-96.0,7.0,0.0,0.0,0.0,0.0,0.0,0.0,0.0,0.0,0.0,-31.0,3.0,-32.0,3.0,-33.0,2.0,-32.0,2.0,-31.0,2.0,-28.0,2.0,-25.0,2.0,-21.0,3.0,-16.0,4.0,-10.0,5.0,-5.0,8.0,-1.0,11.0,4.0,12.0,8.0,16.0,11.0,19.0,13.0,23.0,14.0,25.0,16.0,27.0,14.0,28.0,13.0,27.0,12.0,26.0,10.0,23.0,10.0,20.0,8.0,15.0,7.0,11.0,7.0,6.0
1.3647,122.0,-96.0,7.0,0.0,0.0,0.0,0.0,0.0,0.0,0.0,0.0,0.0,7.0,14.0,8.0,8.0,10.0,3.0,11.0,-2.0,13.0,-6.0,17.0,-10.0,20.0,-14.0,22.0,-15.0,25.0,-17.0,28.0,-17.0,28.0,-16.0,28.0,-14.0,26.0,-12.0,25.0,-10.0,21.0,-9.0,17.0,-8.0,12.0,-8.0,7.0,-8.0,2.0,-8.0,-3.0,-10.0,-9.0,-12.0,-12.0,-15.0,-16.0,-18.0,-17.0,-21.0,-18.0,-23.0,-19.0,-25.0
1.384,122.0,-96.0,7.0,0.0,0.0,0.0,0.0,0.0,0.0,0.0,0.0,0.0,1.0,-4.0,1.0,-3.0,1.0,-3.0,1.0,-3.0,0.0,-2.0,0.0,-2.0,0.0,-1.0,0.0,-1.0,0.0,0.0,0.0,-1.0,1.0,0.0,1.0,1.0,0.0,2.0,1.0,2.0,1.0,2.0,1.0,3.0,2.0,3.0,1.0,4.0,2.0,4.0,2.0,5.0,3.0,5.0,3.0,6.0,3.0,6.0,4.0,7.0,5.0,7.0,6.0,7.0
1.4084,122.0,-96.0,7.0,0.0,0.0,0.0,0.0,0.0,0.0,0.0,0.0,0.0,-1.0,-4.0,-1.0,-3.0,-1.0,-4.0,0.0,-3.0,0.0,-2.0,0.0,-2.0,0.0,-2.0,0.0,-2.0,0.0,-1.0,1.0,-1.0,1.0,0.0,1.0,0.0,2.0,0.0,2.0,0.0,2.0,1.0,3.0,1.0,3.0,2.0,4.0,1.0,4.0,2.0,5.0,2.0,5.0,3.0,6.0,2.0,7.0,2.0,7.0,2.0,8.0,2.0,9.0,2.0
1.4665,122.0,-96.0,7.0,0.0,0.0,0.0,0.0,0.0,0.0,0.0,0.0,0.0,0.0,5.0,0.0,5.0,0.0,4.0,0.0,3.0,0.0,3.0,0.0,3.0,0.0,2.0,0.0,2.0,0.0,2.0,0.0,1.0,0.0,0.0,0.0,0.0,-1.0,0.0,-1.0,-1.0,-1.0,-1.0,-1.0,-2.0,-2.0,-3.0,-2.0,-2.0,-2.0,-3.0,-3.0,-4.0,-3.0,-4.0,-3.0,-4.0,-4.0,-4.0,-5.0,-5.0,-5.0,-5.0,-6.0,-6.0
1.4934,122.0,-96.0,7.0,0.0,0.0,0.0,0.0,0.0,0.0,0.0,0.0,0.0,-8.0,17.0,-6.0,16.0,-5.0,13.0,-4.0,10.0,-2.0,8.0,0.0,6.0,3.0,3.0,6.0,1.0,9.0,-1.0,12.0,-2.0,14.0,-3.0,17.0,-3.0,18.0,-3.0,19.0,-2.0,20.0,-2.0,19.0,-1.0,18.0,-1.0,15.0,-1.0,13.0,-1.0,10.0,-1.0,6.0,-2.0,3.0,-3.0,0.0,-5.0,-4.0,-7.0,-6.0,-9.0,-8.0,-11.0
1.5115,122.0,-96.0,7.0,0.0,0.0,0.0,0.0,0.0,0.0,0.0,0.0,0.0,-18.0,7.0,-17.0,6.0,-14.0,5.0,-11.0,4.0,-8.0,4.0,-4.0,5.0,-1.0,5.0,3.0,7.0,5.0,8.0,9.0,9.0,11.0,11.0,12.0,12.0,13.0,13.0,13.0,14.0,13.0,14.0,12.0,14.0,11.0,13.0,10.0,12.0,8.0,10.0,6.0,7.0,5.0,4.0,4.0,1.0,4.0,-3.0,4.0,-7.0,4.0,-10.0,5.0,-12.0
1.5536,122.0,-96.0,7.0,0.0,0.0,0.0,0.0,0.0,0.0,0.0,0.0,0.0,0.0,-7.0,0.0,-7.0,-1.0,-7.0,-1.0,-6.0,-1.0,-5.0,-2.0,-6.0,-2.0,-5.0,-2.0,-4.0,-3.0,-4.0,-3.0,-3.0,-2.0,-3.0,-3.0,-2.0,-3.0,-1.0,-3.0,-1.0,-3.0,-1.0,-3.0,0.0,-3.0,1.0,-3.0,2.0,-3.0,2.0,-3.0,3.0,-3.0,3.0,-3.0,4.0,-3.0,4.0,-3.0,6.0,-3.0,7.0,-2.0,8.0
1.5602,122.0,-96.0,7.0,0.0,0.0,0.0,0.0,0.0,0.0,0.0,0.0,0.0,0.0,-17.0,-4.0,-13.0,-9.0,-8.0,-12.0,-2.0,-18.0,0.0,-22.0,4.0,-27.0,5.0,-31.0,6.0,-34.0,5.0,-36.0,6.0,-36.0,6.0,-35.0,3.0,-33.0,3.0,-30.0,2.0,-26.0,2.0,-20.0,1.0,-15.0,3.0,-9.0,5.0,-3.0,7.0,2.0,11.0,7.0,15.0,11.0,19.0,14.0,22.0,16.0,26.0,16.0,28.0,16.0,30.0
1.6139,122.0,-96.0,7.0,0.0,0.0,0.0,0.0,0.0,0.0,0.0,0.0,0.0,-22.0,18.0,-22.0,17.0,-23.0,17.0,-21.0,16.0,-21.0,15.0,-19.0,14.0,-16.0,13.0,-14.0,11.0,-9.0,9.0,-4.0,7.0,1.0,7.0,6.0,7.0,11.0,6.0,15.0,7.0,19.0,7.0,22.0,9.0,24.0,10.0,25.0,11.0,24.0,12.0,23.0,12.0,22.0,11.0,20.0,11.0,18.0,9.0,13.0,7.0,10.0,4.0,8.0,0.0
1.6444,122.0,-96.0,7.0,0.0,0.0,0.0,0.0,0.0,0.0,0.0,0.0,0.0,-2.0,6.0,-1.0,6.0,-2.0,6.0,-1.0,5.0,-1.0,5.0,0.0,5.0,0.0,4.0,0.0,4.0,1.0,3.0,0.0,2.0,1.0,2.0,1.0,2.0,1.0,1.0,1.0,1.0,2.0,0.0,1.0,-1.0,1.0,-1.0,2.0,-2.0,2.0,-2.0,1.0,-3.0,3.0,-4.0,2.0,-4.0,2.0,-5.0,2.0,-5.0,2.0,-6.0,1.0,-7.0
1.675,-75.0,80.0,11.0,0.0,0.0,0.0,0.0,0.0,0.0,0.0,0.0,0.0,-21.0,-11.0,-23.0,-12.0,-27.0,-9.0,-26.0,-8.0,-27.0,-2.0,-21.0,0.0,-18.0,0.0,-16.0,-3.0,-13.0,1.0,-8.0,0.0,0.0,0.0,2.0,-7.0,3.0,-10.0,9.0,-12.0,10.0,-14.0,12.0,-18.0,13.0,-24.0,11.0,-27.0,11.0,-27.0,7.0,-28.0,2.0,-28.0,4.0,-25.0,4.0,-20.0,3.0,-19.0,1.0,-15.0,3.0,-14.0
1.6785,122.0,-96.0,7.0,0.0,0.0,0.0,0.0,0.0,0.0,0.0,0.0,0.0,-10.0,13.0,-10.0,18.0,-9.0,22.0,-11.0,26.0,-13.0,28.0,-15.0,29.0,-16.0,29.0,-16.0,27.0,-16.0,25.0,-14.0,22.0,-13.0,20.0,-10.0,17.0,-5.0,12.0,-1.0,9.0,4.0,6.0,9.0,4.0,14.0,5.0,19.0,4.0,23.0,3.0,26.0,3.0,29.0,4.0,30.0,5.0,30.0,6.0,29.0,8.0,27.0,7.0,26.0,8.0
1.6913,122.0,-96.0,7.0,0.0,0.0,0.0,0.0,0.0,0.0,0.0,0.0,0.0,-12.0,-16.0,-10.0,-14.0,-9.0,-13.0,-7.0,-10.0,-7.0,-7.0,-6.0,-3.0,-6.0,1.0,-6.0,4.0,-7.0,8.0,-8.0,11.0,-9.0,13.0,-11.0,15.0,-11.0,16.0,-12.0,16.0,-13.0,16.0,-13.0,15.0,-12.0,14.0,-10.0,12.0,-10.0,11.0,-7.0,9.0,-4.0,7.0,-1.0,5.0,2.0,4.0,6.0,3.0,9.0,3.0,12.0,2.0
1.7284,122.0,-96.0,7.0,0.0,0.0,0.0,0.0,0.0,0.0,0.0,0.0,0.0,16.0,20.0,15.0,18.0,13.0,15.0,9.0,12.0,9.0,8.0,8.0,2.0,7.0,-2.0,7.0,-8.0,8.0,-12.0,8.0,-17.0,9.0,-20.0,12.0,-22.0,11.0,-24.0,12.0,-25.0,15.0,-24.0,14.0,-24.0,13.0,-22.0,11.0,-20.0,11.0,-17.0,7.0,-13.0,5.0,-11.0,-1.0,-7.0,-5.0,-5.0,-9.0,-4.0,-14.0,-3.0,-18.0,-2.0
1.7576,122.0,-96.0,7.0,0.0,0.0,0.0,0.0,0.0,0.0,0.0,0.0,0.0,-4.0,-3.0,-4.0,-3.0,-4.0,-3.0,-3.0,-2.0,-2.0,-2.0,-3.0,-1.0,-2.0,-1.0,-2.0,-1.0,-2.0,-1.0,-1.0,-1.0,-1.0,0.0,0.0,0.0,0.0,0.0,1.0,0.0,2.0,0.0,2.0,0.0,2.0,0.0,3.0,0.0,4.0,1.0,5.0,1.0,5.0,1.0,6.0,0.0,7.0,0.0,7.0,0.0,8.0,0.0,9.0,0.0
1.7715,122.0,-96.0,7.0,0.0,0.0,0.0,0.0,0.0,0.0,0.0,0.0,0.0,-1.0,-11.0,-2.0,-13.0,-3.0,-16.0,-4.0,-18.0,-3.0,-20.0,-3.0,-21.0,-3.0,-21.0,-2.0,-20.0,-2.0,-19.0,-1.0,-17.0,-1.0,-15.0,-1.0,-11.0,-3.0,-8.0,-4.0,-5.0,-6.0,-2.0,-7.0,0.0,-10.0,3.0,-12.0,5.0,-15.0,7.0,-17.0,7.0,-17.0,7.0,-19.0,7.0,-19.0,7.0,-18.0,5.0,-17.0,5.0,-16.0,4.0
1.8053,122.0,-96.0,7.0,0.0,0.0,0.0,0.0,0.0,0.0,0.0,0.0,0.0,2.0,18.0,2.0,17.0,2.0,14.0,2.0,11.0,3.0,8.0,3.0,5.0,4.0,2.0,7.0,-1.0,8.0,-4.0,11.0,-6.0,12.0,-8.0,14.0,-9.0,16.0,-9.0,17.0,-10.0,17.0,-10.0,16.0,-8.0,17.0,-8.0,14.0,-8.0,12.0,-6.0,9.0,-5.0,6.0,-5.0,3.0,-5.0,0.0,-5.0,-4.0,-6.0,-7.0,-7.0,-9.0,-8.0
1.8884,122.0,-96.0,7.0,0.0,0.0,0.0,0.0,0.0,0.0,0.0,0.0,0.0,-7.0,6.0,-4.0,6.0,0.0,6.0,3.0,6.0,7.0,7.0,9.0,9.0,11.0,10.0,12.0,12.0,13.0,13.0,14.0,14.0,13.0,14.0,12.0,14.0,11.0,13.0,10.0,12.0,8.0,10.0,7.0,8.0,5.0,5.0,5.0,1.0,5.0,-2.0,5.0,-5.0,5.0,-9.0,6.0,-11.0,8.0,-14.0,9.0,-15.0,10.0,-16.0,12.0,-16.0
1.9045,122.0,-96.0,7.0,0.0,0.0,0.0,0.0,0.0,0.0,0.0,0.0,0.0,-12.0,-12.0,-12.0,-5.0,-12.0,-2.0,-13.0,4.0,-16.0,9.0,-18.0,14.0,-22.0,16.0,-24.0,18.0,-26.0,18.0,-28.0,17.0,-28.0,18.0,-28.0,15.0,-26.0,12.0,-23.0,11.0,-21.0,9.0,-16.0,9.0,-11.0,8.0,-6.0,8.0,-1.0,9.0,4.0,11.0,9.0,13.0,12.0,16.0,15.0,20.0,16.0,23.0,16.0,24.0,16.0,26.0
1.9558,122.0,-96.0,7.0,0.0,0.0,0.0,0.0,0.0,0.0,0.0,0.0,0.0,-4.0,14.0,-3.0,18.0,-1.0,22.0,-2.0,25.0,-2.0,28.0,-3.0,29.0,-4.0,29.0,-4.0,28.0,-4.0,26.0,-5.0,23.0,-4.0,21.0,-3.0,17.0,0.0,12.0,2.0,8.0,6.0,5.0,9.0,3.0,13.0,0.0,18.0,-1.0,20.0,-3.0,23.0,-4.0,26.0,-4.0,26.0,-4.0,27.0,-2.0,26.0,0.0,24.0,0.0,23.0,1.0
1.9999,122.0,-96.0,7.0,0.0,0.0,0.0,0.0,0.0,0.0,0.0,0.0,0.0,-16.0,-13.0,-17.0,-14.0,-16.0,-15.0,-15.0,-15.0,-15.0,-14.0,-13.0,-13.0,-12.0,-11.0,-10.0,-9.0,-8.0,-6.0,-7.0,-2.0,-7.0,1.0,-6.0,4.0,-6.0,8.0,-7.0,11.0,-7.0,14.0,-8.0,15.0,-9.0,16.0,-9.0,17.0,-10.0,17.0,-10.0,17.0,-10.0,16.0,-10.0,14.0,-7.0,12.0,-6.0,10.0,-4.0,8.0,-1.0,6.0
2.0112,122.0,-96.0,7.0,0.0,0.0,0.0,0.0,0.0,0.0,0.0,0.0,0.0,8.0,6.0,11.0,7.0,13.0,8.0,15.0,10.0,16.0,11.0,17.0,12.0,17.0,12.0,16.0,12.0,14.0,12.0,13.0,11.0,11.0,9.0,9.0,7.0,8.0,4.0,6.0,0.0,6.0,-3.0,5.0,-5.0,4.0,-9.0,5.0,-12.0,5.0,-15.0,5.0,-17.0,6.0,-18.0,7.0,-19.0,8.0,-18.0,9.0,-17.0,8.0,-16.0,8.0,-15.0
2.0533,122.0,-96.0,7.0,0.0,0.0,0.0,0.0,0.0,0.0,0.0,0.0,0.0,-6.0,-9.0,-7.0,-5.0,-7.0,-1.0,-8.0,1.0,-11.0,5.0,-12.0,7.0,-14.0,8.0,-16.0,10.0,-18.0,9.0,-19.0,9.0,-19.0,9.0,-19.0,8.0,-18.0,6.0,-16.0,5.0,-14.0,5.0,-11.0,4.0,-8.0,4.0,-4.0,5.0,-2.0,5.0,2.0,7.0,4.0,8.0,6.0,10.0,8.0,12.0,9.0,14.0,9.0,15.0,9.0,16.0
2.0868,122.0,-96.0,7.0,0.0,0.0,0.0,0.0,0.0,0.0,0.0,0.0,0.0,-8.0,7.0,-4.0,7.0,0.0,7.0,4.0,7.0,8.0,9.0,10.0,11.0,12.0,12.0,14.0,15.0,13.0,16.0,14.0,17.0,13.0,18.0,12.0,18.0,11.0,17.0,10.0,16.0,8.0,13.0,6.0,11.0,6.0,7.0,5.0,3.0,6.0,-1.0,7.0,-4.0,8.0,-8.0,9.0,-10.0,11.0,-12.0,12.0,-14.0,14.0,-15.0,16.0,-15.0
2.1224,122.0,-96.0,7.0,0.0,0.0,0.0,0.0,0.0,0.0,0.0,0.0,0.0,-4.0,10.0,-3.0,13.0,-3.0,16.0,-3.0,18.0,-3.0,19.0,-4.0,20.0,-5.0,20.0,-5.0,20.0,-5.0,18.0,-5.0,16.0,-4.0,14.0,-3.0,11.0,-1.0,8.0,1.0,6.0,4.0,4.0,6.0,2.0,10.0,0.0,12.0,0.0,15.0,-1.0,17.0,-1.0,18.0,-1.0,19.0,-1.0,20.0,0.0,18.0,1.0,17.0,1.0,16.0,2.0
2.1371,122.0,-96.0,7.0,0.0,0.0,0.0,0.0,0.0,0.0,0.0,0.0,0.0,-4.0,10.0,-3.0,13.0,-3.0,15.0,-2.0,18.0,-3.0,20.0,-4.0,20.0,-5.0,20.0,-5.0,20.0,-5.0,18.0,-5.0,16.0,-5.0,14.0,-3.0,12.0,-1.0,9.0,1.0,6.0,3.0,4.0,6.0,3.0,9.0,1.0,12.0,0.0,14.0,-1.0,16.0,-1.0,18.0,-1.0,19.0,-1.0,20.0,0.0,18.0,1.0,18.0,1.0,17.0,2.0
2.1683,71.0,113.0,20.0,0.0,0.0,0.0,0.0,0.0,0.0,0.0,0.0,0.0,-8.0,-29.0,-8.0,-33.0,-2.0,-33.0,1.0,-29.0,5.0,-28.0,6.0,-24.0,5.0,-21.0,3.0,-18.0,-3.0,-13.0,4.0,-4.0,-1.0,0.0,-2.0,5.0,2.0,6.0,1.0,10.0,4.0,17.0,3.0,20.0,7.0,27.0,8.0,27.0,12.0,30.0,7.0,30.0,12.0,25.0,12.0,28.0,16.0,23.0,16.0,16.0,13.0,10.0,7.0,14.0
2.218,122.0,-96.0,7.0,0.0,0.0,0.0,0.0,0.0,0.0,0.0,0.0,0.0,-11.0,11.0,-5.0,11.0,1.0,11.0,6.0,10.0,12.0,11.0,16.0,13.0,20.0,15.0,22.0,17.0,24.0,19.0,25.0,21.0,24.0,22.0,23.0,23.0,21.0,21.0,18.0,19.0,16.0,17.0,12.0,14.0,11.0,9.0,9.0,4.0,9.0,-1.0,8.0,-7.0,8.0,-12.0,10.0,-17.0,12.0,-21.0,14.0,-24.0,15.0,-25.0,17.0,-26.0
2.2534,122.0,-96.0,7.0,0.0,0.0,0.0,0.0,0.0,0.0,0.0,0.0,0.0,14.0,-3.0,9.0,-5.0,5.0,-8.0,1.0,-11.0,-2.0,-15.0,-4.0,-18.0,-5.0,-23.0,-6.0,-26.0,-6.0,-28.0,-5.0,-30.0,-3.0,-30.0,-2.0,-29.0,-2.0,-27.0,-1.0,-25.0,-1.0,-21.0,-1.0,-18.0,-2.0,-14.0,-4.0,-10.0,-7.0,-5.0,-9.0,-2.0,-13.0,2.0,-16.0,4.0,-20.0,5.0,-22.0,5.0,-25.0,5.0,-27.0,4.0
2.2684,122.0,-96.0,7.0,0.0,0.0,0.0,0.0,0.0,0.0,0.0,0.0,0.0,8.0,5.0,8.0,5.0,8.0,4.0,8.0,4.0,7.0,4.0,7.0,3.0,7.0,2.0,7.0,2.0,6.0,2.0,6.0,1.0,6.0,1.0,6.0,0.0,5.0,0.0,5.0,0.0,4.0,-1.0,4.0,-1.0,5.0,-1.0,3.0,-2.0,3.0,-2.0,2.0,-3.0,2.0,-3.0,1.0,-4.0,0.0,-4.0,1.0,-4.0,0.0,-5.0,-1.0,-5.0
2.2946,122.0,-96.0,7.0,0.0,0.0,0.0,0.0,0.0,0.0,0.0,0.0,0.0,6.0,-2.0,5.0,-2.0,5.0,-2.0,4.0,-2.0,4.0,-2.0,4.0,-2.0,3.0,-2.0,3.0,-3.0,2.0,-3.0,1.0,-3.0,1.0,-2.0,1.0,-2.0,0.0,-2.0,-1.0,-2.0,-1.0,-2.0,-2.0,-2.0,-3.0,-1.0,-3.0,-1.0,-3.0,-1.0,-4.0,0.0,-4.0,0.0,-5.0,0.0,-5.0,0.0,-6.0,1.0,-7.0,1.0,-8.0,2.0
2.3074,122.0,-96.0,7.0,0.0,0.0,0.0,0.0,0.0,0.0,0.0,0.0,0.0,9.0,2.0,11.0,2.0,13.0,2.0,15.0,2.0,17.0,3.0,18.0,4.0,18.0,4.0,17.0,5.0,16.0,5.0,14.0,4.0,12.0,4.0,10.0,2.0,8.0,1.0,6.0,-1.0,4.0,-4.0,2.0,-6.0,1.0,-9.0,0.0,-12.0,0.0,-14.0,0.0,-16.0,1.0,-17.0,1.0,-18.0,1.0,-19.0,2.0,-18.0,2.0,-17.0,3.0,-15.0
2.3438,122.0,-96.0,7.0,0.0,0.0,0.0,0.0,0.0,0.0,0.0,0.0,0.0,-23.0,-16.0,-24.0,-17.0,-23.0,-18.0,-24.0,-18.0,-22.0,-18.0,-21.0,-16.0,-18.0,-13.0,-16.0,-10.0,-12.0,-7.0,-10.0,-3.0,-9.0,1.0,-7.0,6.0,-5.0,11.0,-5.0,16.0,-5.0,20.0,-5.0,22.0,-6.0,25.0,-6.0,27.0,-8.0,28.0,-8.0,27.0,-8.0,25.0,-8.0,23.0,-7.0,20.0,-6.0,16.0,-3.0,12.0,0.0,9.0
2.3974,122.0,-96.0,7.0,0.0,0.0,0.0,0.0,0.0,0.0,0.0,0.0,0.0,-10.0,-5.0,-9.0,-5.0,-9.0,-4.0,-8.0,-4.0,-8.0,-3.0,-8.0,-3.0,-8.0,-3.0,-8.0,-2.0,-7.0,-2.0,-7.0,-2.0,-6.0,-1.0,-7.0,-1.0,-6.0,0.0,-5.0,0.0,-5.0,0.0,-5.0,0.0,-3.0,1.0,-4.0,1.0,-4.0,1.0,-3.0,1.0,-2.0,2.0,-2.0,2.0,-2.0,2.0,-1.0,3.0,0.0,2.0,1.0,3.0
2.409,122.0,-96.0,7.0,0.0,0.0,0.0,0.0,0.0,0.0,0.0,0.0,0.0,0.0,-11.0,-1.0,-14.0,-2.0,-16.0,-2.0,-18.0,-3.0,-20.0,-2.0,-21.0,-2.0,-21.0,-1.0,-21.0,-1.0,-20.0,0.0,-18.0,-1.0,-16.0,-1.0,-14.0,-2.0,-11.0,-3.0,-8.0,-5.0,-5.0,-7.0,-3.0,-10.0,-1.0,-12.0,1.0,-15.0,3.0,-17.0,3.0,-18.0,4.0,-20.0,3.0,-20.0,2.0,-20.0,1.0,-19.0,1.0,-18.0,0.0
2.4474,122.0,-96.0,7.0,0.0,0.0,0.0,0.0,0.0,0.0,0.0,0.0,0.0,3.0,9.0,3.0,9.0,3.0,8.0,3.0,8.0,3.0,7.0,3.0,7.0,3.0,6.0,3.0,6.0,3.0,6.0,3.0,5.0,3.0,5.0,3.0,4.0,3.0,4.0,3.0,3.0,3.0,3.0,3.0,2.0,2.0,2.0,3.0,1.0,3.0,1.0,2.0,0.0,2.0,0.0,2.0,-1.0,2.0,-1.0,1.0,-2.0,1.0,-2.0,1.0,-3.0
2.455,122.0,-96.0,7.0,0.0,0.0,0.0,0.0,0.0,0.0,0.0,0.0,0.0,-35.0,2.0,-37.0,1.0,-37.0,1.0,-36.0,1.0,-35.0,0.0,-33.0,1.0,-28.0,1.0,-25.0,1.0,-18.0,4.0,-13.0,5.0,-9.0,9.0,-4.0,13.0,1.0,16.0,3.0,20.0,6.0,24.0,8.0,28.0,9.0,31.0,9.0,34.0,7.0,35.0,6.0,34.0,5.0,32.0,4.0,30.0,6.0,26.0,2.0,22.0,4.0,16.0,6.0,11.0
2.4883,71.0,113.0,20.0,0.0,0.0,0.0,0.0,0.0,0.0,0.0,0.0,0.0,7.0,8.0,8.0,12.0,8.0,16.0,9.0,20.0,7.0,26.0,11.0,23.0,11.0,24.0,13.0,21.0,10.0,23.0,13.0,22.0,9.0,16.0,12.0,17.0,5.0,12.0,6.0,10.0,4.0,5.0,-8.0,1.0,-10.0,-2.0,-14.0,-3.0,-20.0,-6.0,-21.0,-4.0,-27.0,-5.0,-34.0,-2.0,-35.0,0.0,-27.0,-1.0,-29.0,9.0,-29.0,6.0
2.4923,122.0,-96.0,7.0,0.0,0.0,0.0,0.0,0.0,0.0,0.0,0.0,0.0,-25.0,-10.0,-24.0,-9.0,-20.0,-8.0,-17.0,-6.0,-14.0,-3.0,-12.0,1.0,-9.0,5.0,-7.0,10.0,-6.0,13.0,-5.0,16.0,-4.0,21.0,-5.0,24.0,-6.0,25.0,-5.0,27.0,-7.0,27.0,-8.0,26.0,-7.0,25.0,-7.0,22.0,-6.0,19.0,-5.0,15.0,-2.0,12.0,0.0,9.0,5.0,6.0,8.0,3.0,11.0,2.0,16.0,0.0
2.5069,122.0,-96.0,7.0,0.0,0.0,0.0,0.0,0.0,0.0,0.0,0.0,0.0,-17.0,13.0,-16.0,12.0,-13.0,10.0,-10.0,8.0,-7.0,8.0,-4.0,8.0,0.0,7.0,3.0,8.0,6.0,9.0,10.0,9.0,12.0,11.0,14.0,13.0,15.0,13.0,16.0,14.0,16.0,15.0,15.0,16.0,14.0,15.0,12.0,13.0,10.0,12.0,8.0,9.0,7.0,6.0,6.0,2.0,6.0,-1.0,6.0,-5.0,6.0,-8.0,7.0,-12.0
2.5419,122.0,-96.0,7.0,0.0,0.0,0.0,0.0,0.0,0.0,0.0,0.0,0.0,8.0,4.0,11.0,3.0,13.0,4.0,15.0,4.0,16.0,5.0,17.0,5.0,17.0,5.0,16.0,6.0,15.0,6.0,13.0,6.0,12.0,5.0,9.0,3.0,8.0,1.0,6.0,-1.0,5.0,-4.0,3.0,-6.0,2.0,-9.0,1.0,-12.0,2.0,-14.0,2.0,-16.0,2.0,-17.0,2.0,-18.0,3.0,-18.0,4.0,-17.0,4.0,-16.0,4.0,-15.0
2.5545,122.0,-96.0,7.0,0.0,0.0,0.0,0.0,0.0,0.0,0.0,0.0,0.0,7.0,-4.0,7.0,-4.0,6.0,-4.0,6.0,-4.0,5.0,-4.0,5.0,-4.0,4.0,-5.0,4.0,-4.0,3.0,-4.0,3.0,-4.0,2.0,-4.0,2.0,-4.0,0.0,-4.0,0.0,-4.0,0.0,-4.0,-1.0,-3.0,-2.0,-3.0,-2.0,-3.0,-2.0,-3.0,-4.0,-2.0,-4.0,-3.0,-5.0,-2.0,-5.0,-2.0,-6.0,-1.0,-7.0,-1.0,-8.0,-1.0
2.5613,122.0,-96.0,7.0,0.0,0.0,0.0,0.0,0.0,0.0,0.0,0.0,0.0,9.0,-16.0,2.0,-15.0,-2.0,-14.0,-8.0,-13.0,-15.0,-13.0,-19.0,-14.0,-23.0,-17.0,-27.0,-19.0,-29.0,-21.0,-30.0,-22.0,-29.0,-24.0,-27.0,-24.0,-26.0,-23.0,-23.0,-22.0,-20.0,-19.0,-17.0,-16.0,-14.0,-10.0,-11.0,-5.0,-12.0,1.0,-11.0,7.0,-10.0,13.0,-13.0,19.0,-15.0,22.0,-17.0,25.0,-19.0,27.0,-22.0,27.0
2.5979,122.0,-96.0,7.0,0.0,0.0,0.0,0.0,0.0,0.0,0.0,0.0,0.0,-17.0,-9.0,-15.0,-3.0,-13.0,2.0,-11.0,8.0,-12.0,15.0,-13.0,20.0,-15.0,24.0,-16.0,28.0,-19.0,30.0,-19.0,30.0,-21.0,31.0,-21.0,30.0,-21.0,26.0,-20.0,24.0,-18.0,20.0,-14.0,18.0,-10.0,15.0,-5.0,12.0,0.0,10.0,7.0,9.0,12.0,8.0,18.0,9.0,23.0,10.0,26.0,13.0,28.0,14.0,31.0,17.0
2.6166,122.0,-96.0,7.0,0.0,0.0,0.0,0.0,0.0,0.0,0.0,0.0,0.0,5.0,-5.0,5.0,-4.0,4.0,-4.0,4.0,-4.0,3.0,-4.0,3.0,-4.0,2.0,-4.0,2.0,-3.0,1.0,-3.0,1.0,-3.0,0.0,-3.0,0.0,-3.0,-1.0,-3.0,-1.0,-2.0,0.0,-2.0,-2.0,-1.0,-3.0,-1.0,-3.0,0.0,-2.0,0.0,-4.0,0.0,-3.0,1.0,-4.0,2.0,-4.0,2.0,-5.0,2.0,-5.0,3.0,-5.0,4.0
2.642,122.0,-96.0,7.0,0.0,0.0,0.0,0.0,0.0,0.0,0.0,0.0,0.0,-7.0,12.0,-6.0,18.0,-4.0,20.0,-5.0,23.0,-5.0,26.0,-6.0,28.0,-7.0,28.0,-8.0,28.0,-8.0,26.0,-7.0,23.0,-7.0,21.0,-5.0,18.0,-3.0,13.0,0.0,9.0,4.0,6.0,8.0,4.0,13.0,2.0,16.0,0.0,20.0,-2.0,22.0,-2.0,25.0,-2.0,27.0,-1.0,28.0,-1.0,27.0,1.0,26.0,1.0,24.0,2.0
2.6572,-75.0,80.0,11.0,0.0,0.0,0.0,0.0,0.0,0.0,0.0,0.0,0.0,-21.0,17.0,-19.0,19.0,-19.0,20.0,-17.0,24.0,-14.0,23.0,-14.0,20.0,-10.0,17.0,-7.0,13.0,-6.0,11.0,-4.0,6.0,-2.0,-2.0,-5.0,-9.0,-6.0,-13.0,-8.0,-17.0,-11.0,-22.0,-17.0,-21.0,-17.0,-22.0,-21.0,-27.0,-21.0,-24.0,-22.0,-18.0,-24.0,-18.0,-22.0,-14.0,-19.0,-15.0,-17.0,-7.0,-12.0,-12.0,-8.0,-7.0
2.6754,122.0,-96.0,7.0,0.0,0.0,0.0,0.0,0.0,0.0,0.0,0.0,0.0,-18.0,-6.0,-16.0,0.0,-12.0,5.0,-8.0,10.0,-8.0,16.0,-6.0,22.0,-7.0,27.0,-7.0,32.0,-9.0,34.0,-9.0,35.0,-11.0,37.0,-11.0,35.0,-12.0,32.0,-11.0,29.0,-11.0,25.0,-9.0,21.0,-5.0,17.0,0.0,12.0,4.0,9.0,10.0,5.0,15.0,2.0,20.0,1.0,26.0,0.0,30.0,2.0,32.0,2.0,36.0,3.0
2.6944,122.0,-96.0,7.0,0.0,0.0,0.0,0.0,0.0,0.0,0.0,0.0,0.0,-7.0,-3.0,-7.0,-3.0,-7.0,-2.0,-6.0,-3.0,-5.0,-2.0,-6.0,-2.0,-5.0,-2.0,-5.0,-2.0,-4.0,-2.0,-4.0,-1.0,-3.0,-2.0,-3.0,-2.0,-2.0,-2.0,-2.0,-2.0,-2.0,-3.0,-1.0,-2.0,0.0,-3.0,0.0,-3.0,0.0,-3.0,0.0,-4.0,1.0,-4.0,2.0,-5.0,1.0,-5.0,2.0,-6.0,2.0,-7.0,3.0,-8.0
2.7258,122.0,-96.0,7.0,0.0,0.0,0.0,0.0,0.0,0.0,0.0,0.0,0.0,10.0,-5.0,6.0,-6.0,3.0,-7.0,-1.0,-9.0,-4.0,-11.0,-6.0,-14.0,-8.0,-17.0,-9.0,-19.0,-9.0,-21.0,-9.0,-22.0,-8.0,-23.0,-7.0,-22.0,-6.0,-21.0,-6.0,-19.0,-5.0,-17.0,-4.0,-15.0,-4.0,-11.0,-5.0,-7.0,-6.0,-3.0,-8.0,1.0,-10.0,4.0,-12.0,6.0,-15.0,9.0,-17.0,10.0,-18.0,11.0,-20.0,10.0
2.7383,122.0,-96.0,7.0,0.0,0.0,0.0,0.0,0.0,0.0,0.0,0.0,0.0,-12.0,13.0,-12.0,17.0,-12.0,22.0,-13.0,25.0,-16.0,28.0,-17.0,28.0,-19.0,29.0,-19.0,27.0,-18.0,25.0,-17.0,23.0,-15.0,20.0,-12.0,17.0,-8.0,13.0,-3.0,10.0,2.0,8.0,8.0,7.0,13.0,6.0,19.0,7.0,22.0,6.0,26.0,6.0,28.0,8.0,30.0,10.0,31.0,11.0,29.0,12.0,27.0,12.0,25.0,12.0
2.8228,122.0,-96.0,7.0,0.0,0.0,0.0,0.0,0.0,0.0,0.0,0.0,0.0,-27.0,-24.0,-24.0,-22.0,-21.0,-20.0,-18.0,-15.0,-15.0,-9.0,-12.0,-4.0,-12.0,2.0,-10.0,9.0,-11.0,15.0,-11.0,20.0,-12.0,26.0,-14.0,29.0,-15.0,32.0,-16.0,33.0,-17.0,33.0,-17.0,34.0,-17.0,30.0,-17.0,27.0,-15.0,23.0,-10.0,19.0,-7.0,14.0,-2.0,11.0,4.0,7.0,9.0,5.0,15.0,3.0,22.0,2.0
2.8381,122.0,-96.0,7.0,0.0,0.0,0.0,0.0,0.0,0.0,0.0,0.0,0.0,0.0,9.0,1.0,12.0,1.0,13.0,2.0,16.0,2.0,17.0,2.0,18.0,1.0,18.0,1.0,18.0,0.0,17.0,0.0,15.0,0.0,13.0,0.0,10.0,1.0,7.0,2.0,5.0,4.0,2.0,5.0,0.0,8.0,-2.0,10.0,-4.0,12.0,-6.0,14.0,-6.0,15.0,-7.0,17.0,-6.0,17.0,-6.0,17.0,-5.0,16.0,-4.0,15.0,-3.0
2.8735,122.0,-96.0,7.0,0.0,0.0,0.0,0.0,0.0,0.0,0.0,0.0,0.0,6.0,-2.0,6.0,-1.0,6.0,-2.0,5.0,-1.0,4.0,-1.0,4.0,-1.0,4.0,-1.0,3.0,-1.0,2.0,-1.0,2.0,-1.0,1.0,-1.0,1.0,-1.0,0.0,0.0,0.0,0.0,0.0,0.0,-1.0,1.0,-2.0,1.0,-1.0,2.0,-2.0,2.0,-3.0,3.0,-4.0,3.0,-4.0,4.0,-4.0,5.0,-4.0,5.0,-5.0,6.0,-5.0,7.0
2.8821,122.0,-96.0,7.0,0.0,0.0,0.0,0.0,0.0,0.0,0.0,0.0,0.0,9.0,-5.0,11.0,-7.0,12.0,-8.0,13.0,-9.0,15.0,-10.0,16.0,-10.0,16.0,-9.0,16.0,-9.0,15.0,-8.0,14.0,-6.0,12.0,-7.0,9.0,-5.0,6.0,-5.0,4.0,-5.0,0.0,-5.0,-2.0,-6.0,-6.0,-8.0,-8.0,-9.0,-10.0,-11.0,-11.0,-12.0,-12.0,-14.0,-12.0,-14.0,-12.0,-15.0,-11.0,-15.0,-10.0,-15.0,-9.0,-13.0
2.9177,122.0,-96.0,7.0,0.0,0.0,0.0,0.0,0.0,0.0,0.0,0.0,0.0,4.0,-5.0,4.0,-5.0,4.0,-4.0,3.0,-5.0,3.0,-4.0,3.0,-4.0,2.0,-4.0,2.0,-3.0,2.0,-3.0,1.0,-2.0,1.0,-2.0,0.0,-1.0,0.0,-1.0,-1.0,0.0,-1.0,1.0,-1.0,1.0,-1.0,1.0,-1.0,2.0,-1.0,3.0,-1.0,4.0,-1.0,4.0,-1.0,5.0,-1.0,6.0,-1.0,6.0,-2.0,7.0,-1.0,8.0
2.9255,122.0,-96.0,7.0,0.0,0.0,0.0,0.0,0.0,0.0,0.0,0.0,0.0,10.0,-31.0,12.0,-33.0,11.0,-32.0,11.0,-32.0,11.0,-29.0,11.0,-26.0,9.0,-23.0,6.0,-20.0,2.0,-15.0,-2.0,-11.0,-6.0,-9.0,-11.0,-6.0,-16.0,-3.0,-21.0,-1.0,-26.0,-1.0,-28.0,-2.0,-33.0,-3.0,-33.0,-2.0,-34.0,-3.0,-32.0,-3.0,-30.0,-4.0,-28.0,-4.0,-24.0,-4.0,-19.0,-2.0,-15.0,0.0,-11.0,3.0
2.9614,122.0,-96.0,7.0,0.0,0.0,0.0,0.0,0.0,0.0,0.0,0.0,0.0,-16.0,-8.0,-17.0,-9.0,-17.0,-10.0,-16.0,-10.0,-15.0,-10.0,-14.0,-9.0,-12.0,-7.0,-11.0,-5.0,-9.0,-3.0,-7.0,-1.0,-5.0,2.0,-5.0,5.0,-4.0,8.0,-3.0,11.0,-3.0,13.0,-3.0,15.0,-4.0,16.0,-5.0,17.0,-6.0,17.0,-6.0,17.0,-6.0,15.0,-6.0,14.0,-5.0,12.0,-4.0,10.0,-2.0,7.0,0.0,5.0
2.9962,122.0,-96.0,7.0,0.0,0.0,0.0,0.0,0.0,0.0,0.0,0.0,0.0,18.0,-3.0,19.0,-2.0,19.0,-1.0,18.0,-1.0,17.0,-1.0,15.0,-1.0,13.0,-1.0,10.0,-2.0,7.0,-3.0,4.0,-4.0,1.0,-6.0,0.0,-7.0,-3.0,-9.0,-5.0,-11.0,-6.0,-14.0,-6.0,-15.0,-7.0,-17.0,-7.0,-18.0,-6.0,-18.0,-6.0,-17.0,-5.0,-16.0,-4.0,-15.0,-5.0,-13.0,-3.0,-10.0,-3.0,-7.0,-5.0,-4.0
3.0972,122.0,-96.0,7.0,0.0,0.0,0.0,0.0,0.0,0.0,0.0,0.0,0.0,7.0,-16.0,-1.0,-14.0,-6.0,-13.0,-11.0,-10.0,-18.0,-11.0,-23.0,-10.0,-27.0,-12.0,-31.0,-14.0,-33.0,-15.0,-34.0,-18.0,-33.0,-20.0,-31.0,-20.0,-29.0,-20.0,-26.0,-19.0,-22.0,-15.0,-18.0,-12.0,-15.0,-7.0,-11.0,-1.0,-10.0,4.0,-8.0,12.0,-7.0,17.0,-8.0,22.0,-10.0,26.0,-13.0,30.0,-14.0,32.0,-16.0,32.0
3.1384,122.0,-96.0,7.0,0.0,0.0,0.0,0.0,0.0,0.0,0.0,0.0,0.0,-6.0,0.0,-7.0,1.0,-6.0,1.0,-5.0,1.0,-5.0,1.0,-4.0,1.0,-4.0,1.0,-3.0,1.0,-3.0,1.0,-3.0,1.0,-2.0,1.0,-2.0,1.0,0.0,1.0,0.0,0.0,0.0,0.0,1.0,0.0,2.0,0.0,2.0,0.0,2.0,-1.0,3.0,-1.0,4.0,-2.0,4.0,-2.0,5.0,-3.0,6.0,-3.0,6.0,-4.0,7.0,-4.0
3.1463,122.0,-96.0,7.0,0.0,0.0,0.0,0.0,0.0,0.0,0.0,0.0,0.0,-18.0,2.0,-22.0,5.0,-26.0,7.0,-29.0,8.0,-32.0,8.0,-34.0,8.0,-34.0,7.0,-34.0,6.0,-31.0,5.0,-28.0,3.0,-25.0,3.0,-19.0,3.0,-14.0,4.0,-9.0,5.0,-3.0,9.0,1.0,11.0,6.0,15.0,9.0,19.0,11.0,22.0,13.0,25.0,13.0,28.0,13.0,29.0,12.0,31.0,9.0,30.0,8.0,27.0,7.0,24.0
3.1808,122.0,-96.0,7.0,0.0,0.0,0.0,0.0,0.0,0.0,0.0,0.0,0.0,-7.0,-1.0,-7.0,0.0,-7.0,0.0,-5.0,0.0,-5.0,0.0,-5.0,0.0,-4.0,0.0,-4.0,1.0,-3.0,1.0,-3.0,1.0,-2.0,1.0,-2.0,1.0,-1.0,1.0,-1.0,0.0,1.0,1.0,1.0,0.0,2.0,0.0,2.0,0.0,3.0,0.0,4.0,-1.0,4.0,-1.0,5.0,-1.0,5.0,-1.0,7.0,-2.0,7.0,-2.0,8.0,-4.0
3.1908,122.0,-96.0,7.0,0.0,0.0,0.0,0.0,0.0,0.0,0.0,0.0,0.0,1.0,-10.0,-2.0,-8.0,-4.0,-6.0,-8.0,-5.0,-11.0,-3.0,-14.0,-3.0,-17.0,-4.0,-19.0,-4.0,-20.0,-5.0,-21.0,-6.0,-21.0,-7.0,-19.0,-8.0,-18.0,-8.0,-16.0,-8.0,-14.0,-7.0,-11.0,-6.0,-9.0,-3.0,-7.0,0.0,-5.0,3.0,-4.0,6.0,-3.0,10.0,-3.0,13.0,-3.0,15.0,-4.0,17.0,-4.0,18.0,-6.0,19.0
3.2019,122.0,-96.0,7.0,0.0,0.0,0.0,0.0,0.0,0.0,0.0,0.0,0.0,0.0,9.0,2.0,6.0,5.0,4.0,7.0,1.0,10.0,0.0,13.0,-1.0,16.0,-1.0,18.0,-1.0,19.0,-1.0,21.0,0.0,20.0,0.0,20.0,1.0,18.0,2.0,16.0,2.0,14.0,2.0,11.0,1.0,8.0,0.0,5.0,-3.0,3.0,-5.0,1.0,-8.0,-1.0,-11.0,-1.0,-14.0,-2.0,-16.0,-2.0,-18.0,-2.0,-20.0,0.0,-20.0
3.239,122.0,-96.0,7.0,0.0,0.0,0.0,0.0,0.0,0.0,0.0,0.0,0.0,6.0,16.0,7.0,17.0,6.0,17.0,6.0,17.0,5.0,16.0,4.0,14.0,4.0,12.0,4.0,9.0,4.0,7.0,4.0,4.0,5.0,1.0,6.0,-2.0,7.0,-5.0,9.0,-7.0,10.0,-10.0,11.0,-11.0,13.0,-11.0,14.0,-12.0,14.0,-12.0,14.0,-11.0,13.0,-10.0,12.0,-9.0,11.0,-8.0,9.0,-7.0,6.0,-6.0,3.0,-5.0
3.2504,122.0,-96.0,7.0,0.0,0.0,0.0,0.0,0.0,0.0,0.0,0.0,0.0,3.0,-7.0,2.0,-6.0,2.0,-6.0,2.0,-6.0,1.0,-5.0,1.0,-5.0,0.0,-4.0,0.0,-4.0,-1.0,-4.0,-1.0,-3.0,-1.0,-3.0,-1.0,-2.0,-1.0,-1.0,-2.0,-1.0,-2.0,0.0,-2.0,0.0,-1.0,0.0,-2.0,2.0,-2.0,2.0,-2.0,3.0,-2.0,3.0,-2.0,4.0,-2.0,5.0,-1.0,5.0,-2.0,6.0,-1.0,8.0
3.2776,122.0,-96.0,7.0,0.0,0.0,0.0,0.0,0.0,0.0,0.0,0.0,0.0,14.0,3.0,19.0,3.0,21.0,2.0,25.0,3.0,27.0,3.0,30.0,4.0,28.0,5.0,28.0,5.0,26.0,6.0,23.0,6.0,20.0,5.0,16.0,3.0,13.0,1.0,9.0,-2.0,6.0,-7.0,3.0,-9.0,1.0,-14.0,-1.0,-18.0,-2.0,-22.0,-2.0,-24.0,-2.0,-27.0,0.0,-29.0,0.0,-29.0,2.0,-28.0,1.0,-27.0,2.0,-25.0
3.2932,122.0,-96.0,7.0,0.0,0.0,0.0,0.0,0.0,0.0,0.0,0.0,0.0,-7.0,7.0,-4.0,6.0,0.0,6.0,3.0,6.0,7.0,8.0,9.0,9.0,11.0,10.0,13.0,12.0,13.0,13.0,14.0,14.0,14.0,15.0,13.0,15.0,12.0,15.0,10.0,13.0,9.0,12.0,7.0,10.0,6.0,6.0,6.0,3.0,5.0,-1.0,6.0,-4.0,6.0,-8.0,7.0,-10.0,9.0,-12.0,10.0,-14.0,12.0,-15.0,13.0,-15.0
3.3262,122.0,-96.0,7.0,0.0,0.0,0.0,0.0,0.0,0.0,0.0,0.0,0.0,7.0,-1.0,7.0,-1.0,6.0,-2.0,5.0,-1.0,5.0,-2.0,4.0,-2.0,3.0,-2.0,3.0,-2.0,3.0,-2.0,2.0,-2.0,2.0,-2.0,1.0,-2.0,0.0,-2.0,0.0,-1.0,-1.0,-1.0,-1.0,-1.0,-2.0,0.0,-3.0,0.0,-3.0,0.0,-4.0,1.0,-5.0,1.0,-6.0,2.0,-5.0,2.0,-6.0,3.0,-7.0,4.0,-7.0,5.0
3.3382,122.0,-96.0,7.0,0.0,0.0,0.0,0.0,0.0,0.0,0.0,0.0,0.0,6.0,-16.0,0.0,-13.0,-5.0,-11.0,-10.0,-9.0,-16.0,-10.0,-20.0,-10.0,-23.0,-11.0,-27.0,-13.0,-28.0,-14.0,-30.0,-16.0,-29.0,-17.0,-28.0,-19.0,-26.0,-18.0,-23.0,-17.0,-20.0,-16.0,-16.0,-13.0,-14.0,-9.0,-11.0,-3.0,-10.0,2.0,-8.0,8.0,-8.0,13.0,-9.0,17.0,-11.0,20.0,-14.0,24.0,-15.0,26.0,-16.0,26.0
3.3496,122.0,-96.0,7.0,0.0,0.0,0.0,0.0,0.0,0.0,0.0,0.0,0.0,17.0,-1.0,22.0,-4.0,24.0,-5.0,28.0,-6.0,31.0,-6.0,33.0,-6.0,33.0,-4.0,32.0,-3.0,29.0,-2.0,28.0,-1.0,25.0,-2.0,20.0,-2.0,15.0,-3.0,9.0,-5.0,5.0,-9.0,1.0,-11.0,-3.0,-16.0,-6.0,-21.0,-7.0,-24.0,-8.0,-27.0,-8.0,-29.0,-8.0,-32.0,-7.0,-32.0,-5.0,-32.0,-4.0,-29.0,-4.0,-27.0
3.3859,-75.0,80.0,11.0,0.0,0.0,0.0,0.0,0.0,0.0,0.0,0.0,0.0,-8.0,24.0,-9.0,24.0,-6.0,24.0,-5.0,25.0,-2.0,23.0,0.0,22.0,-1.0,18.0,1.0,13.0,0.0,11.0,-4.0,8.0,-3.0,6.0,-11.0,-3.0,-10.0,-2.0,-18.0,-8.0,-18.0,-6.0,-23.0,-8.0,-28.0,-6.0,-26.0,-6.0,-30.0,-3.0,-28.0,-2.0,-26.0,1.0,-28.0,0.0,-23.0,2.0,-18.0,-1.0,-15.0,-1.0,-10.0,0.0
3.389,122.0,-96.0,7.0,0.0,0.0,0.0,0.0,0.0,0.0,0.0,0.0,0.0,8.0,-8.0,9.0,-11.0,10.0,-13.0,11.0,-15.0,12.0,-16.0,13.0,-16.0,14.0,-16.0,15.0,-16.0,13.0,-14.0,13.0,-12.0,11.0,-11.0,8.0,-9.0,6.0,-7.0,2.0,-6.0,-1.0,-6.0,-4.0,-7.0,-8.0,-7.0,-11.0,-8.0,-13.0,-8.0,-15.0,-9.0,-16.0,-10.0,-17.0,-12.0,-17.0,-13.0,-16.0,-13.0,-15.0,-13.0,-14.0,-12.0
3.4001,122.0,-96.0,7.0,0.0,0.0,0.0,0.0,0.0,0.0,0.0,0.0,0.0,5.0,9.0,5.0,6.0,7.0,2.0,8.0,-1.0,11.0,-4.0,14.0,-6.0,16.0,-8.0,18.0,-9.0,20.0,-9.0,21.0,-9.0,21.0,-8.0,21.0,-7.0,20.0,-5.0,18.0,-5.0,15.0,-4.0,13.0,-4.0,9.0,-4.0,4.0,-5.0,2.0,-7.0,-2.0,-9.0,-5.0,-11.0,-6.0,-13.0,-9.0,-16.0,-8.0,-18.0,-9.0,-20.0,-9.0,-21.0
3.4357,122.0,-96.0,7.0,0.0,0.0,0.0,0.0,0.0,0.0,0.0,0.0,0.0,13.0,7.0,17.0,8.0,20.0,8.0,23.0,9.0,25.0,11.0,26.0,12.0,26.0,13.0,25.0,13.0,22.0,12.0,21.0,12.0,17.0,11.0,14.0,8.0,12.0,4.0,8.0,0.0,7.0,-5.0,5.0,-9.0,5.0,-14.0,4.0,-18.0,5.0,-22.0,5.0,-24.0,6.0,-26.0,7.0,-28.0,8.0,-28.0,9.0,-26.0,9.0,-24.0,9.0,-22.0
3.4477,122.0,-96.0,7.0,0.0,0.0,0.0,0.0,0.0,0.0,0.0,0.0,0.0,0.0,-11.0,-1.0,-14.0,-2.0,-17.0,-2.0,-19.0,-2.0,-20.0,-1.0,-21.0,-1.0,-22.0,-1.0,-21.0,0.0,-20.0,0.0,-18.0,0.0,-15.0,-1.0,-13.0,-2.0,-9.0,-4.0,-6.0,-6.0,-3.0,-8.0,-2.0,-11.0,1.0,-13.0,3.0,-15.0,4.0,-17.0,5.0,-19.0,5.0,-20.0,4.0,-21.0,4.0,-20.0,2.0,-19.0,2.0,-17.0,1.0
3.4805,122.0,-96.0,7.0,0.0,0.0,0.0,0.0,0.0,0.0,0.0,0.0,0.0,13.0,-15.0,14.0,-16.0,15.0,-16.0,14.0,-15.0,13.0,-14.0,12.0,-13.0,10.0,-11.0,8.0,-10.0,5.0,-8.0,1.0,-7.0,-2.0,-7.0,-5.0,-7.0,-9.0,-7.0,-12.0,-7.0,-15.0,-8.0,-16.0,-9.0,-17.0,-11.0,-18.0,-11.0,-17.0,-12.0,-17.0,-11.0,-15.0,-11.0,-14.0,-10.0,-13.0,-9.0,-10.0,-7.0,-8.0,-5.0,-7.0,-1.0
3.4955,122.0,-96.0,7.0,0.0,0.0,0.0,0.0,0.0,0.0,0.0,0.0,0.0,12.0,12.0,12.0,13.0,12.0,14.0,11.0,13.0,11.0,13.0,10.0,11.0,8.0,9.0,7.0,7.0,6.0,5.0,5.0,2.0,5.0,-2.0,5.0,-4.0,6.0,-8.0,6.0,-11.0,7.0,-12.0,7.0,-14.0,8.0,-15.0,9.0,-16.0,10.0,-15.0,9.0,-15.0,9.0,-14.0,8.0,-12.0,7.0,-11.0,5.0,-9.0,3.0,-7.0,0.0,-6.0
3.5289,122.0,-96.0,7.0,0.0,0.0,0.0,0.0,0.0,0.0,0.0,0.0,0.0,-10.0,-1.0,-13.0,-1.0,-14.0,-1.0,-16.0,0.0,-18.0,0.0,-19.0,0.0,-19.0,-1.0,-19.0,-2.0,-17.0,-2.0,-16.0,-3.0,-13.0,-2.0,-11.0,-1.0,-9.0,0.0,-6.0,2.0,-4.0,4.0,-1.0,6.0,0.0,9.0,1.0,11.0,1.0,13.0,1.0,15.0,2.0,16.0,1.0,18.0,1.0,18.0,0.0,17.0,-1.0,16.0,-1.0,14.0
3.5442,122.0,-96.0,7.0,0.0,0.0,0.0,0.0,0.0,0.0,0.0,0.0,0.0,2.0,6.0,2.0,5.0,2.0,5.0,2.0,4.0,2.0,4.0,1.0,4.0,1.0,3.0,1.0,2.0,1.0,2.0,1.0,1.0,1.0,1.0,0.0,1.0,0.0,0.0,0.0,0.0,-1.0,0.0,-1.0,-1.0,-1.0,-2.0,-2.0,-2.0,-3.0,-2.0,-4.0,-2.0,-4.0,-3.0,-4.0,-3.0,-5.0,-3.0,-6.0,-3.0,-7.0,-4.0,-8.0,-4.0
3.5519,71.0,113.0,20.0,0.0,0.0,0.0,0.0,0.0,0.0,0.0,0.0,0.0,6.0,-14.0,7.0,-9.0,9.0,-1.0,9.0,4.0,9.0,7.0,7.0,8.0,11.0,16.0,12.0,17.0,18.0,19.0,18.0,17.0,16.0,18.0,21.0,18.0,25.0,12.0,26.0,16.0,24.0,16.0,18.0,8.0,15.0,9.0,8.0,6.0,7.0,7.0,-3.0,8.0,-2.0,7.0,-9.0,12.0,-8.0,10.0,-10.0,17.0,-10.0,24.0,-11.0,24.0
3.5721,122.0,-96.0,7.0,0.0,0.0,0.0,0.0,0.0,0.0,0.0,0.0,0.0,-1.0,17.0,-1.0,15.0,-1.0,13.0,0.0,11.0,1.0,8.0,2.0,5.0,4.0,3.0,7.0,1.0,9.0,-1.0,11.0,-2.0,14.0,-3.0,15.0,-2.0,17.0,-2.0,17.0,-2.0,18.0,-2.0,17.0,-1.0,16.0,-1.0,15.0,-1.0,12.0,-1.0,9.0,-1.0,7.0,-2.0,4.0,-3.0,2.0,-5.0,0.0,-7.0,-2.0,-9.0,-4.0,-11.0
3.5913,122.0,-96.0,7.0,0.0,0.0,0.0,0.0,0.0,0.0,0.0,0.0,0.0,18.0,4.0,17.0,4.0,14.0,4.0,12.0,2.0,9.0,1.0,7.0,-3.0,5.0,-5.0,3.0,-8.0,1.0,-11.0,1.0,-14.0,0.0,-17.0,1.0,-19.0,1.0,-20.0,2.0,-21.0,3.0,-21.0,4.0,-20.0,3.0,-19.0,3.0,-17.0,3.0,-14.0,2.0,-11.0,0.0,-8.0,-3.0,-6.0,-6.0,-4.0,-8.0,-2.0,-11.0,-1.0,-14.0,0.0
3.6028,122.0,-96.0,7.0,0.0,0.0,0.0,0.0,0.0,0.0,0.0,0.0,0.0,-7.0,1.0,-6.0,1.0,-6.0,1.0,-6.0,1.0,-5.0,1.0,-5.0,1.0,-4.0,1.0,-3.0,1.0,-3.0,0.0,-3.0,1.0,-2.0,0.0,-2.0,0.0,-1.0,0.0,0.0,0.0,-1.0,-1.0,0.0,-1.0,1.0,-2.0,1.0,-2.0,1.0,-2.0,1.0,-3.0,1.0,-4.0,2.0,-4.0,2.0,-5.0,2.0,-6.0,3.0,-6.0,3.0,-8.0
3.6325,122.0,-96.0,7.0,0.0,0.0,0.0,0.0,0.0,0.0,0.0,0.0,0.0,-13.0,-32.0,-12.0,-29.0,-10.0,-27.0,-9.0,-21.0,-10.0,-15.0,-11.0,-9.0,-12.0,-3.0,-15.0,3.0,-18.0,8.0,-23.0,12.0,-25.0,16.0,-29.0,16.0,-31.0,18.0,-32.0,17.0,-34.0,16.0,-33.0,14.0,-30.0,13.0,-27.0,11.0,-23.0,9.0,-18.0,8.0,-12.0,7.0,-6.0,9.0,0.0,10.0,6.0,13.0,10.0,15.0,15.0,18.0
3.6458,122.0,-96.0,7.0,0.0,0.0,0.0,0.0,0.0,0.0,0.0,0.0,0.0,-10.0,-12.0,-10.0,-6.0,-10.0,-2.0,-11.0,3.0,-13.0,7.0,-16.0,11.0,-19.0,14.0,-21.0,15.0,-23.0,16.0,-25.0,15.0,-25.0,14.0,-25.0,13.0,-24.0,11.0,-22.0,9.0,-18.0,7.0,-14.0,7.0,-10.0,6.0,-5.0,7.0,-1.0,8.0,3.0,10.0,8.0,12.0,11.0,14.0,13.0,18.0,13.0,20.0,13.0,22.0,14.0,23.0
3.68,122.0,-96.0,7.0,0.0,0.0,0.0,0.0,0.0,0.0,0.0,0.0,0.0,11.0,15.0,12.0,16.0,11.0,17.0,11.0,17.0,10.0,16.0,9.0,14.0,8.0,11.0,7.0,9.0,6.0,6.0,6.0,2.0,6.0,-1.0,7.0,-4.0,7.0,-8.0,9.0,-11.0,10.0,-13.0,11.0,-14.0,12.0,-15.0,13.0,-15.0,14.0,-16.0,13.0,-15.0,13.0,-13.0,11.0,-12.0,9.0,-10.0,7.0,-8.0,4.0,-7.0,1.0,-6.0
3.6945,122.0,-96.0,7.0,0.0,0.0,0.0,0.0,0.0,0.0,0.0,0.0,0.0,-9.0,-7.0,-8.0,-4.0,-7.0,0.0,-7.0,3.0,-9.0,7.0,-10.0,10.0,-12.0,12.0,-13.0,13.0,-15.0,13.0,-16.0,13.0,-17.0,13.0,-16.0,12.0,-16.0,10.0,-14.0,8.0,-12.0,7.0,-10.0,6.0,-7.0,5.0,-3.0,6.0,0.0,6.0,3.0,6.0,6.0,8.0,9.0,10.0,11.0,11.0,11.0,13.0,11.0,14.0,12.0,16.0
3.7262,122.0,-96.0,7.0,0.0,0.0,0.0,0.0,0.0,0.0,0.0,0.0,0.0,15.0,13.0,15.0,13.0,15.0,14.0,14.0,14.0,13.0,14.0,12.0,11.0,10.0,9.0,9.0,7.0,7.0,4.0,6.0,1.0,6.0,-2.0,6.0,-5.0,6.0,-9.0,6.0,-12.0,7.0,-15.0,7.0,-17.0,8.0,-17.0,10.0,-19.0,10.0,-18.0,10.0,-17.0,9.0,-16.0,9.0,-14.0,7.0,-12.0,5.0,-10.0,2.0,-8.0,-1.0,-7.0
3.7444,122.0,-96.0,7.0,0.0,0.0,0.0,0.0,0.0,0.0,0.0,0.0,0.0,17.0,12.0,16.0,11.0,13.0,9.0,11.0,7.0,9.0,4.0,8.0,0.0,7.0,-4.0,6.0,-8.0,6.0,-11.0,6.0,-14.0,6.0,-17.0,8.0,-19.0,8.0,-20.0,9.0,-21.0,10.0,-21.0,10.0,-20.0,10.0,-18.0,8.0,-17.0,8.0,-13.0,6.0,-11.0,3.0,-9.0,-1.0,-7.0,-5.0,-5.0,-7.0,-4.0,-11.0,-4.0,-15.0,-4.0
3.7765,122.0,-96.0,7.0,0.0,0.0,0.0,0.0,0.0,0.0,0.0,0.0,0.0,18.0,-29.0,18.0,-27.0,15.0,-23.0,11.0,-20.0,5.0,-16.0,2.0,-13.0,-5.0,-12.0,-11.0,-11.0,-17.0,-11.0,-23.0,-11.0,-27.0,-11.0,-31.0,-14.0,-34.0,-14.0,-34.0,-15.0,-33.0,-17.0,-32.0,-18.0,-28.0,-18.0,-26.0,-16.0,-21.0,-13.0,-17.0,-9.0,-14.0,-5.0,-11.0,0.0,-9.0,5.0,-8.0,12.0,-7.0,17.0,-6.0,22.0
3.7933,122.0,-96.0,7.0,0.0,0.0,0.0,0.0,0.0,0.0,0.0,0.0,0.0,15.0,22.0,13.0,20.0,11.0,18.0,10.0,14.0,9.0,9.0,9.0,4.0,9.0,-1.0,10.0,-5.0,11.0,-10.0,14.0,-13.0,15.0,-16.0,18.0,-18.0,20.0,-19.0,21.0,-19.0,22.0,-18.0,21.0,-18.0,20.0,-15.0,18.0,-14.0,16.0,-12.0,12.0,-10.0,8.0,-9.0,2.0,-8.0,-3.0,-8.0,-6.0,-10.0,-11.0,-10.0,-15.0,-13.0
3.8173,122.0,-96.0,7.0,0.0,0.0,0.0,0.0,0.0,0.0,0.0,0.0,0.0,-12.0,-12.0,-13.0,-6.0,-12.0,-2.0,-13.0,4.0,-15.0,8.0,-18.0,13.0,-21.0,15.0,-24.0,17.0,-26.0,18.0,-28.0,18.0,-29.0,17.0,-29.0,15.0,-27.0,13.0,-24.0,11.0,-21.0,9.0,-17.0,8.0,-12.0,7.0,-6.0,8.0,-2.0,9.0,4.0,11.0,8.0,14.0,11.0,17.0,14.0,20.0,14.0,23.0,14.0,26.0,15.0,28.0
3.8475,122.0,-96.0,7.0,0.0,0.0,0.0,0.0,0.0,0.0,0.0,0.0,0.0,17.0,-5.0,17.0,-5.0,18.0,-4.0,17.0,-4.0,16.0,-3.0,15.0,-3.0,13.0,-4.0,10.0,-4.0,7.0,-4.0,4.0,-5.0,1.0,-6.0,-1.0,-8.0,-4.0,-9.0,-6.0,-11.0,-7.0,-13.0,-8.0,-14.0,-9.0,-16.0,-9.0,-17.0,-8.0,-16.0,-8.0,-16.0,-7.0,-15.0,-6.0,-13.0,-6.0,-12.0,-5.0,-9.0,-5.0,-6.0,-5.0,-3.0
3.8874,122.0,-96.0,7.0,0.0,0.0,0.0,0.0,0.0,0.0,0.0,0.0,0.0,-8.0,20.0,-7.0,18.0,-7.0,15.0,-5.0,12.0,-3.0,10.0,0.0,7.0,4.0,6.0,8.0,4.0,11.0,3.0,15.0,3.0,17.0,2.0,19.0,3.0,21.0,3.0,22.0,5.0,22.0,5.0,20.0,6.0,19.0,6.0,17.0,5.0,14.0,4.0,11.0,3.0,8.0,0.0,6.0,-3.0,4.0,-5.0,2.0,-9.0,1.0,-12.0,0.0,-15.0
3.9,122.0,-96.0,7.0,0.0,0.0,0.0,0.0,0.0,0.0,0.0,0.0,0.0,8.0,-7.0,4.0,-7.0,1.0,-7.0,-2.0,-9.0,-6.0,-10.0,-8.0,-12.0,-9.0,-14.0,-10.0,-16.0,-10.0,-18.0,-10.0,-19.0,-9.0,-19.0,-8.0,-19.0,-7.0,-18.0,-6.0,-16.0,-5.0,-14.0,-5.0,-12.0,-5.0,-9.0,-6.0,-5.0,-7.0,-1.0,-8.0,1.0,-10.0,4.0,-12.0,6.0,-15.0,7.0,-16.0,7.0,-18.0,8.0,-19.0,7.0
3.9341,122.0,-96.0,7.0,0.0,0.0,0.0,0.0,0.0,0.0,0.0,0.0,0.0,4.0,-6.0,4.0,-5.0,3.0,-5.0,3.0,-5.0,3.0,-4.0,2.0,-4.0,2.0,-4.0,1.0,-4.0,1.0,-3.0,1.0,-2.0,0.0,-2.0,0.0,-2.0,0.0,-2.0,0.0,-1.0,-1.0,0.0,0.0,0.0,0.0,0.0,-1.0,2.0,-1.0,2.0,-1.0,2.0,-1.0,3.0,-1.0,4.0,-1.0,5.0,0.0,4.0,0.0,6.0,0.0,7.0
3.9532,122.0,-96.0,7.0,0.0,0.0,0.0,0.0,0.0,0.0,0.0,0.0,0.0,9.0,-31.0,9.0,-33.0,10.0,-32.0,10.0,-32.0,9.0,-30.0,9.0,-27.0,7.0,-23.0,5.0,-19.0,1.0,-15.0,-3.0,-11.0,-7.0,-8.0,-12.0,-6.0,-17.0,-3.0,-22.0,-1.0,-26.0,-1.0,-29.0,-2.0,-32.0,-3.0,-33.0,-3.0,-32.0,-4.0,-32.0,-4.0,-29.0,-5.0,-26.0,-4.0,-22.0,-4.0,-17.0,-2.0,-13.0,1.0,-9.0,4.0
3.978,122.0,-96.0,7.0,0.0,0.0,0.0,0.0,0.0,0.0,0.0,0.0,0.0,9.0,17.0,9.0,18.0,9.0,18.0,8.0,18.0,8.0,18.0,7.0,16.0,6.0,13.0,6.0,11.0,5.0,8.0,5.0,4.0,6.0,1.0,6.0,-2.0,8.0,-5.0,9.0,-8.0,11.0,-11.0,12.0,-12.0,14.0,-13.0,15.0,-13.0,16.0,-13.0,16.0,-13.0,15.0,-12.0,13.0,-10.0,12.0,-9.0,10.0,-8.0,7.0,-7.0,3.0,-6.0
4.0113,122.0,-96.0,7.0,0.0,0.0,0.0,0.0,0.0,0.0,0.0,0.0,0.0,9.0,7.0,12.0,7.0,14.0,8.0,17.0,10.0,18.0,11.0,20.0,12.0,19.0,12.0,19.0,13.0,17.0,13.0,15.0,12.0,13.0,10.0,11.0,8.0,9.0,5.0,7.0,2.0,7.0,-2.0,6.0,-6.0,5.0,-9.0,5.0,-13.0,6.0,-15.0,7.0,-18.0,8.0,-19.0,9.0,-21.0,9.0,-20.0,11.0,-20.0,11.0,-19.0,10.0,-16.0
4.0276,122.0,-96.0,7.0,0.0,0.0,0.0,0.0,0.0,0.0,0.0,0.0,0.0,4.0,-9.0,4.0,-12.0,4.0,-14.0,4.0,-15.0,5.0,-17.0,6.0,-18.0,6.0,-18.0,7.0,-18.0,6.0,-16.0,6.0,-14.0,6.0,-13.0,4.0,-11.0,2.0,-8.0,0.0,-6.0,-3.0,-5.0,-5.0,-4.0,-8.0,-3.0,-11.0,-3.0,-13.0,-2.0,-15.0,-2.0,-17.0,-2.0,-18.0,-3.0,-18.0,-4.0,-17.0,-5.0,-16.0,-5.0,-16.0,-5.0
4.0641,122.0,-96.0,7.0,0.0,0.0,0.0,0.0,0.0,0.0,0.0,0.0,0.0,-16.0,7.0,-19.0,11.0,-20.0,14.0,-23.0,17.0,-26.0,18.0,-29.0,18.0,-29.0,18.0,-29.0,17.0,-27.0,15.0,-25.0,12.0,-22.0,12.0,-19.0,10.0,-14.0,9.0,-8.0,8.0,-2.0,8.0,3.0,10.0,8.0,13.0,12.0,15.0,15.0,17.0,17.0,19.0,19.0,21.0,19.0,24.0,19.0,25.0,17.0,26.0,15.0,24.0,14.0,23.0
4.1179,122.0,-96.0,7.0,0.0,0.0,0.0,0.0,0.0,0.0,0.0,0.0,0.0,4.0,2.0,3.0,2.0,3.0,2.0,3.0,2.0,3.0,1.0,3.0,1.0,2.0,1.0,2.0,0.0,2.0,0.0,1.0,0.0,2.0,0.0,0.0,0.0,1.0,0.0,0.0,0.0,-1.0,0.0,0.0,0.0,-1.0,0.0,-2.0,-1.0,-2.0,-1.0,-3.0,0.0,-3.0,-1.0,-3.0,0.0,-4.0,0.0,-4.0,0.0,-5.0,0.0,-5.0,1.0
4.1496,71.0,113.0,20.0,0.0,0.0,0.0,0.0,0.0,0.0,0.0,0.0,0.0,7.0,28.0,0.0,25.0,0.0,23.0,0.0,14.0,-3.0,16.0,1.0,8.0,-4.0,8.0,-8.0,3.0,-6.0,-6.0,-7.0,-10.0,-8.0,-8.0,-8.0,-15.0,-16.0,-17.0,-16.0,-12.0,-17.0,-21.0,-19.0,-15.0,-22.0,-11.0,-24.0,-12.0,-25.0,-14.0,-24.0,-7.0,-22.0,-1.0,-16.0,-6.0,-12.0,-2.0,-5.0,-10.0,0.0,-4.0,8.0,-7.0
4.1536,122.0,-96.0,7.0,0.0,0.0,0.0,0.0,0.0,0.0,0.0,0.0,0.0,3.0,-20.0,3.0,-21.0,4.0,-21.0,3.0,-21.0,4.0,-19.0,4.0,-18.0,3.0,-15.0,2.0,-13.0,0.0,-10.0,-3.0,-7.0,-5.0,-5.0,-8.0,-3.0,-10.0,-1.0,-13.0,1.0,-16.0,1.0,-18.0,1.0,-20.0,1.0,-21.0,2.0,-21.0,1.0,-20.0,1.0,-19.0,0.0,-17.0,0.0,-15.0,0.0,-12.0,0.0,-9.0,1.0,-7.0,2.0
4.1664,122.0,-96.0,7.0,0.0,0.0,0.0,0.0,0.0,0.0,0.0,0.0,0.0,4.0,5.0,4.0,4.0,4.0,5.0,3.0,4.0,2.0,3.0,3.0,3.0,3.0,2.0,2.0,2.0,2.0,1.0,1.0,1.0,2.0,1.0,1.0,0.0,0.0,0.0,0.0,0.0,0.0,-1.0,-1.0,0.0,-1.0,-2.0,-2.0,-1.0,-3.0,-1.0,-4.0,-2.0,-4.0,-2.0,-5.0,-2.0,-6.0,-2.0,-6.0,-2.0,-7.0,-2.0,-8.0,-2.0
4.196,122.0,-96.0,7.0,0.0,0.0,0.0,0.0,0.0,0.0,0.0,0.0,0.0,1.0,-18.0,-4.0,-14.0,-9.0,-10.0,-13.0,-7.0,-20.0,-7.0,-25.0,-4.0,-30.0,-5.0,-33.0,-5.0,-36.0,-7.0,-37.0,-8.0,-36.0,-10.0,-35.0,-11.0,-32.0,-12.0,-28.0,-11.0,-25.0,-10.0,-19.0,-7.0,-16.0,-3.0,-12.0,2.0,-9.0,6.0,-6.0,12.0,-5.0,18.0,-5.0,24.0,-5.0,27.0,-8.0,31.0,-9.0,33.0,-10.0,33.0
4.2105,122.0,-96.0,7.0,0.0,0.0,0.0,0.0,0.0,0.0,0.0,0.0,0.0,2.0,-6.0,2.0,-6.0,1.0,-6.0,1.0,-5.0,1.0,-4.0,0.0,-5.0,0.0,-4.0,-1.0,-4.0,0.0,-3.0,-1.0,-3.0,-1.0,-2.0,-1.0,-2.0,-1.0,-1.0,0.0,-1.0,-1.0,0.0,0.0,0.0,0.0,0.0,0.0,1.0,-1.0,2.0,0.0,2.0,0.0,3.0,0.0,4.0,0.0,4.0,1.0,5.0,1.0,5.0,2.0,6.0
4.2165,122.0,-96.0,7.0,0.0,0.0,0.0,0.0,0.0,0.0,0.0,0.0,0.0,1.0,-10.0,0.0,-13.0,-1.0,-15.0,-2.0,-16.0,-1.0,-18.0,-1.0,-19.0,-1.0,-19.0,0.0,-19.0,0.0,-17.0,0.0,-16.0,0.0,-14.0,-1.0,-11.0,-2.0,-8.0,-4.0,-5.0,-6.0,-3.0,-7.0,-2.0,-10.0,0.0,-12.0,2.0,-14.0,3.0,-16.0,3.0,-17.0,3.0,-18.0,3.0,-18.0,2.0,-18.0,1.0,-16.0,1.0,-15.0,0.0
4.252,122.0,-96.0,7.0,0.0,0.0,0.0,0.0,0.0,0.0,0.0,0.0,0.0,3.0,-6.0,2.0,-6.0,2.0,-6.0,2.0,-5.0,2.0,-5.0,1.0,-5.0,1.0,-4.0,0.0,-4.0,0.0,-3.0,-1.0,-3.0,0.0,-2.0,0.0,-2.0,0.0,-2.0,0.0,-1.0,-1.0,-1.0,-1.0,0.0,0.0,1.0,-1.0,2.0,-1.0,2.0,0.0,2.0,0.0,3.0,0.0,4.0,0.0,5.0,1.0,5.0,0.0,6.0,1.0,7.0
4.2733,71.0,113.0,20.0,0.0,0.0,0.0,0.0,0.0,0.0,0.0,0.0,0.0,6.0,2.0,6.0,0.0,6.0,1.0,7.0,1.0,6.0,1.0,6.0,1.0,4.0,2.0,5.0,0.0,4.0,1.0,2.0,0.0,2.0,0.0,1.0,1.0,1.0,0.0,-2.0,0.0,-3.0,1.0,-5.0,3.0,-6.0,3.0,-7.0,2.0,-7.0,3.0,-7.0,4.0,-6.0,4.0,-7.0,5.0,-6.0,4.0,-5.0,3.0,-4.0,5.0,-3.0,2.0
4.2812,122.0,-96.0,7.0,0.0,0.0,0.0,0.0,0.0,0.0,0.0,0.0,0.0,1.0,-20.0,1.0,-18.0,0.0,-16.0,-1.0,-13.0,-2.0,-10.0,-3.0,-7.0,-6.0,-5.0,-8.0,-2.0,-11.0,0.0,-14.0,1.0,-16.0,3.0,-18.0,3.0,-20.0,3.0,-20.0,3.0,-21.0,2.0,-20.0,1.0,-20.0,1.0,-18.0,1.0,-15.0,0.0,-13.0,1.0,-9.0,2.0,-6.0,3.0,-3.0,4.0,0.0,7.0,2.0,8.0,4.0,10.0
4.2976,122.0,-96.0,7.0,0.0,0.0,0.0,0.0,0.0,0.0,0.0,0.0,0.0,1.0,3.0,1.0,3.0,1.0,3.0,1.0,2.0,1.0,2.0,1.0,2.0,1.0,2.0,1.0,2.0,0.0,1.0,0.0,1.0,1.0,0.0,0.0,0.0,0.0,0.0,0.0,-1.0,0.0,-1.0,-1.0,-1.0,-1.0,-2.0,-2.0,-1.0,-2.0,-2.0,-2.0,-2.0,-2.0,-3.0,-3.0,-3.0,-3.0,-3.0,-4.0,-3.0,-4.0,-3.0,-5.0,-3.0
4.3051,-75.0,80.0,11.0,0.0,0.0,0.0,0.0,0.0,0.0,0.0,0.0,0.0,24.0,-3.0,26.0,-9.0,28.0,-7.0,28.0,-9.0,22.0,-8.0,18.0,-11.0,14.0,-12.0,13.0,-4.0,9.0,-4.0,4.0,-3.0,3.0,4.0,-1.0,5.0,-3.0,12.0,-4.0,14.0,-1.0,23.0,-2.0,24.0,3.0,28.0,2.0,33.0,2.0,33.0,7.0,29.0,4.0,29.0,9.0,30.0,6.0,23.0,10.0,21.0,2.0,13.0,2.0,8.0
4.3199,122.0,-96.0,7.0,0.0,0.0,0.0,0.0,0.0,0.0,0.0,0.0,0.0,7.0,-16.0,7.0,-15.0,6.0,-12.0,4.0,-11.0,2.0,-9.0,0.0,-7.0,-3.0,-6.0,-6.0,-5.0,-8.0,-5.0,-12.0,-4.0,-14.0,-4.0,-15.0,-5.0,-17.0,-5.0,-18.0,-6.0,-18.0,-6.0,-17.0,-7.0,-16.0,-7.0,-14.0,-6.0,-12.0,-5.0,-10.0,-4.0,-8.0,-2.0,-6.0,0.0,-5.0,2.0,-3.0,5.0,-2.0,8.0,-2.0,10.0
4.3447,122.0,-96.0,7.0,0.0,0.0,0.0,0.0,0.0,0.0,0.0,0.0,0.0,10.0,2.0,7.0,-1.0,6.0,-4.0,4.0,-7.0,3.0,-10.0,3.0,-13.0,3.0,-17.0,4.0,-18.0,4.0,-19.0,6.0,-20.0,6.0,-21.0,7.0,-20.0,7.0,-18.0,7.0,-16.0,6.0,-14.0,5.0,-12.0,2.0,-9.0,-1.0,-8.0,-3.0,-5.0,-6.0,-4.0,-10.0,-3.0,-13.0,-3.0,-16.0,-3.0,-17.0,-4.0,-18.0,-5.0,-20.0,-6.0
4.3753,122.0,-96.0,7.0,0.0,0.0,0.0,0.0,0.0,0.0,0.0,0.0,0.0,-6.0,-10.0,-8.0,-11.0,-10.0,-13.0,-12.0,-14.0,-13.0,-16.0,-13.0,-17.0,-13.0,-17.0,-12.0,-18.0,-11.0,-16.0,-9.0,-15.0,-9.0,-13.0,-8.0,-11.0,-7.0,-7.0,-7.0,-4.0,-7.0,0.0,-7.0,2.0,-8.0,6.0,-9.0,9.0,-10.0,11.0,-12.0,13.0,-12.0,14.0,-14.0,15.0,-14.0,15.0,-15.0,13.0,-14.0,12.0,-13.0,11.0
4.3919,122.0,-96.0,7.0,0.0,0.0,0.0,0.0,0.0,0.0,0.0,0.0,0.0,7.0,7.0,7.0,3.0,6.0,0.0,7.0,-3.0,8.0,-7.0,10.0,-9.0,11.0,-12.0,13.0,-13.0,14.0,-13.0,15.0,-13.0,16.0,-14.0,16.0,-12.0,15.0,-11.0,14.0,-9.0,12.0,-8.0,10.0,-7.0,7.0,-6.0,3.0,-6.0,0.0,-6.0,-3.0,-7.0,-6.0,-8.0,-9.0,-10.0,-11.0,-11.0,-12.0,-13.0,-12.0,-15.0,-13.0,-16.0
4.4756,122.0,-96.0,7.0,0.0,0.0,0.0,0.0,0.0,0.0,0.0,0.0,0.0,1.0,19.0,0.0,18.0,1.0,15.0,1.0,12.0,2.0,10.0,3.0,7.0,5.0,3.0,7.0,1.0,9.0,-2.0,12.0,-4.0,14.0,-5.0,16.0,-5.0,18.0,-6.0,19.0,-6.0,19.0,-6.0,19.0,-5.0,18.0,-5.0,17.0,-4.0,15.0,-4.0,11.0,-3.0,9.0,-4.0,6.0,-4.0,3.0,-5.0,-1.0,-7.0,-4.0,-8.0,-6.0,-10.0
4.5056,122.0,-96.0,7.0,0.0,0.0,0.0,0.0,0.0,0.0,0.0,0.0,0.0,4.0,-2.0,3.0,-1.0,2.0,-2.0,2.0,-1.0,2.0,-2.0,2.0,-1.0,1.0,-1.0,1.0,-1.0,1.0,-1.0,1.0,-1.0,0.0,-1.0,0.0,-1.0,-1.0,-1.0,-1.0,0.0,-1.0,0.0,-1.0,0.0,-2.0,1.0,-2.0,0.0,-2.0,1.0,-2.0,2.0,-3.0,2.0,-3.0,3.0,-3.0,3.0,-3.0,4.0,-3.0,4.0,-3.0,5.0
4.52,122.0,-96.0,7.0,0.0,0.0,0.0,0.0,0.0,0.0,0.0,0.0,0.0,-13.0,-13.0,-12.0,-12.0,-10.0,-10.0,-8.0,-9.0,-8.0,-6.0,-7.0,-2.0,-6.0,0.0,-6.0,3.0,-6.0,6.0,-7.0,9.0,-8.0,11.0,-9.0,12.0,-10.0,14.0,-11.0,14.0,-11.0,14.0,-11.0,14.0,-11.0,12.0,-10.0,11.0,-9.0,9.0,-7.0,8.0,-5.0,6.0,-2.0,5.0,1.0,4.0,4.0,4.0,6.0,4.0,10.0,3.0
4.5583,-75.0,80.0,11.0,0.0,0.0,0.0,0.0,0.0,0.0,0.0,0.0,0.0,-7.0,-28.0,-10.0,-25.0,-12.0,-23.0,-8.0,-22.0,-14.0,-20.0,-13.0,-18.0,-14.0,-13.0,-10.0,-11.0,-4.0,-4.0,-3.0,-6.0,-1.0,-5.0,6.0,-1.0,11.0,4.0,17.0,7.0,17.0,4.0,21.0,3.0,26.0,4.0,27.0,4.0,28.0,2.0,28.0,0.0,25.0,-1.0,22.0,-2.0,27.0,-1.0,16.0,-4.0,11.0,-3.0,7.0,0.0
4.5615,122.0,-96.0,7.0,0.0,0.0,0.0,0.0,0.0,0.0,0.0,0.0,0.0,-5.0,-10.0,-8.0,-11.0,-10.0,-13.0,-11.0,-15.0,-12.0,-16.0,-13.0,-17.0,-12.0,-18.0,-12.0,-18.0,-10.0,-17.0,-9.0,-15.0,-8.0,-14.0,-7.0,-11.0,-7.0,-8.0,-6.0,-4.0,-7.0,-1.0,-7.0,2.0,-8.0,5.0,-9.0,9.0,-11.0,11.0,-12.0,13.0,-13.0,13.0,-15.0,14.0,-15.0,14.0,-15.0,13.0,-14.0,11.0,-14.0,10.0
4.5727,122.0,-96.0,7.0,0.0,0.0,0.0,0.0,0.0,0.0,0.0,0.0,0.0,4.0,1.0,4.0,1.0,4.0,0.0,4.0,1.0,3.0,0.0,3.0,0.0,2.0,0.0,2.0,-1.0,1.0,-1.0,1.0,-1.0,0.0,0.0,0.0,-1.0,-1.0,-1.0,-2.0,-1.0,-2.0,-1.0,-3.0,-1.0,-3.0,0.0,-4.0,-1.0,-5.0,0.0,-5.0,0.0,-6.0,0.0,-6.0,1.0,-6.0,1.0,-7.0,1.0,-8.0,1.0,-8.0,2.0
4.6192,122.0,-96.0,7.0,0.0,0.0,0.0,0.0,0.0,0.0,0.0,0.0,0.0,-8.0,6.0,-5.0,6.0,-1.0,6.0,2.0,6.0,5.0,8.0,8.0,10.0,10.0,11.0,11.0,13.0,12.0,14.0,12.0,15.0,12.0,16.0,11.0,16.0,10.0,15.0,9.0,14.0,8.0,12.0,6.0,10.0,5.0,7.0,5.0,3.0,5.0,0.0,5.0,-4.0,7.0,-7.0,8.0,-10.0,10.0,-12.0,11.0,-13.0,13.0,-14.0,14.0,-14.0
4.6611,122.0,-96.0,7.0,0.0,0.0,0.0,0.0,0.0,0.0,0.0,0.0,0.0,-31.0,24.0,-32.0,25.0,-33.0,24.0,-31.0,25.0,-31.0,23.0,-30.0,20.0,-25.0,19.0,-20.0,16.0,-13.0,13.0,-8.0,12.0,0.0,12.0,8.0,12.0,14.0,11.0,20.0,13.0,23.0,15.0,27.0,19.0,31.0,19.0,34.0,21.0,32.0,22.0,30.0,22.0,28.0,21.0,25.0,20.0,23.0,16.0,17.0,12.0,14.0,7.0,12.0,2.0
4.6731,122.0,-96.0,7.0,0.0,0.0,0.0,0.0,0.0,0.0,0.0,0.0,0.0,31.0,-4.0,28.0,-3.0,24.0,-2.0,20.0,-2.0,15.0,-4.0,11.0,-7.0,5.0,-10.0,1.0,-13.0,-2.0,-16.0,-7.0,-21.0,-10.0,-23.0,-10.0,-27.0,-11.0,-29.0,-10.0,-31.0,-10.0,-31.0,-9.0,-31.0,-7.0,-29.0,-7.0,-27.0,-5.0,-23.0,-5.0,-19.0,-6.0,-14.0,-6.0,-8.0,-9.0,-4.0,-11.0,2.0,-12.0,6.0,-17.0,10.0
4.7098,122.0,-96.0,7.0,0.0,0.0,0.0,0.0,0.0,0.0,0.0,0.0,0.0,-12.0,-13.0,-11.0,-12.0,-10.0,-10.0,-9.0,-9.0,-8.0,-6.0,-7.0,-3.0,-6.0,0.0,-6.0,3.0,-6.0,6.0,-6.0,9.0,-7.0,11.0,-8.0,13.0,-9.0,14.0,-10.0,15.0,-10.0,15.0,-10.0,14.0,-10.0,13.0,-9.0,11.0,-9.0,10.0,-6.0,8.0,-4.0,7.0,-2.0,5.0,2.0,3.0,4.0,3.0,7.0,2.0,10.0,2.0
4.7216,122.0,-96.0,7.0,0.0,0.0,0.0,0.0,0.0,0.0,0.0,0.0,0.0,6.0,15.0,5.0,14.0,5.0,12.0,4.0,10.0,4.0,7.0,4.0,4.0,5.0,1.0,6.0,-2.0,7.0,-5.0,9.0,-7.0,10.0,-8.0,12.0,-9.0,13.0,-10.0,14.0,-10.0,15.0,-10.0,15.0,-10.0,14.0,-8.0,13.0,-7.0,11.0,-6.0,8.0,-6.0,6.0,-5.0,3.0,-5.0,0.0,-5.0,-3.0,-6.0,-6.0,-7.0,-8.0,-8.0
4.7575,122.0,-96.0,7.0,0.0,0.0,0.0,0.0,0.0,0.0,0.0,0.0,0.0,4.0,2.0,3.0,2.0,3.0,2.0,2.0,1.0,2.0,1.0,2.0,1.0,1.0,1.0,1.0,0.0,1.0,0.0,0.0,0.0,0.0,-1.0,0.0,-1.0,-1.0,-1.0,-2.0,-1.0,-2.0,-1.0,-3.0,-1.0,-3.0,-1.0,-4.0,-2.0,-4.0,-2.0,-5.0,-2.0,-5.0,-2.0,-6.0,-1.0,-7.0,-2.0,-7.0,-1.0,-8.0,-1.0,-9.0,0.0
4.7652,122.0,-96.0,7.0,0.0,0.0,0.0,0.0,0.0,0.0,0.0,0.0,0.0,-16.0,7.0,-18.0,12.0,-20.0,15.0,-22.0,17.0,-24.0,19.0,-28.0,20.0,-28.0,19.0,-28.0,18.0,-26.0,16.0,-25.0,13.0,-21.0,13.0,-17.0,10.0,-12.0,9.0,-7.0,8.0,-1.0,8.0,4.0,10.0,10.0,12.0,14.0,14.0,17.0,16.0,19.0,18.0,21.0,20.0,21.0,22.0,21.0,24.0,19.0,24.0,17.0,22.0,16.0,21.0
4.7997,122.0,-96.0,7.0,0.0,0.0,0.0,0.0,0.0,0.0,0.0,0.0,0.0,1.0,-5.0,0.0,-5.0,0.0,-5.0,1.0,-4.0,0.0,-4.0,-1.0,-3.0,-1.0,-2.0,-1.0,-2.0,0.0,-2.0,-1.0,-2.0,-1.0,-1.0,-1.0,-1.0,-1.0,1.0,0.0,1.0,-1.0,0.0,0.0,1.0,0.0,2.0,-1.0,3.0,0.0,3.0,0.0,4.0,0.0,5.0,1.0,5.0,1.0,5.0,2.0,7.0,2.0,7.0,3.0,7.0
4.8089,122.0,-96.0,7.0,0.0,0.0,0.0,0.0,0.0,0.0,0.0,0.0,0.0,5.0,10.0,6.0,6.0,7.0,2.0,8.0,-1.0,10.0,-4.0,12.0,-7.0,14.0,-9.0,16.0,-11.0,18.0,-11.0,20.0,-11.0,20.0,-11.0,20.0,-10.0,20.0,-8.0,18.0,-7.0,16.0,-7.0,13.0,-5.0,10.0,-6.0,6.0,-5.0,2.0,-6.0,-2.0,-7.0,-5.0,-10.0,-7.0,-11.0,-10.0,-13.0,-11.0,-16.0,-12.0,-17.0,-12.0,-19.0
4.8207,122.0,-96.0,7.0,0.0,0.0,0.0,0.0,0.0,0.0,0.0,0.0,0.0,3.0,-4.0,3.0,-3.0,3.0,-3.0,2.0,-4.0,2.0,-3.0,1.0,-3.0,1.0,-2.0,0.0,-2.0,0.0,-2.0,0.0,-1.0,0.0,-1.0,-1.0,0.0,-1.0,-1.0,-1.0,0.0,-2.0,1.0,-2.0,2.0,-2.0,1.0,-2.0,2.0,-2.0,4.0,-2.0,4.0,-2.0,4.0,-2.0,5.0,-2.0,6.0,-2.0,6.0,-2.0,7.0,-2.0,8.0
4.8484,122.0,-96.0,7.0,0.0,0.0,0.0,0.0,0.0,0.0,0.0,0.0,0.0,-16.0,6.0,-19.0,11.0,-20.0,13.0,-23.0,16.0,-25.0,18.0,-28.0,19.0,-29.0,18.0,-29.0,16.0,-27.0,15.0,-26.0,13.0,-23.0,12.0,-19.0,10.0,-13.0,9.0,-8.0,7.0,-3.0,8.0,2.0,9.0,8.0,12.0,12.0,14.0,15.0,16.0,18.0,18.0,20.0,20.0,20.0,23.0,21.0,24.0,19.0,24.0,17.0,23.0,16.0,23.0
4.8659,122.0,-96.0,7.0,0.0,0.0,0.0,0.0,0.0,0.0,0.0,0.0,0.0,22.0,22.0,22.0,23.0,22.0,25.0,22.0,23.0,20.0,23.0,18.0,21.0,16.0,18.0,14.0,14.0,11.0,10.0,10.0,6.0,10.0,-1.0,9.0,-6.0,9.0,-11.0,10.0,-17.0,11.0,-21.0,12.0,-24.0,14.0,-27.0,15.0,-28.0,17.0,-28.0,17.0,-27.0,17.0,-26.0,16.0,-24.0,13.0,-21.0,11.0,-18.0,7.0,-14.0,2.0,-11.0
4.9022,122.0,-96.0,7.0,0.0,0.0,0.0,0.0,0.0,0.0,0.0,0.0,0.0,-2.0,17.0,-2.0,15.0,-2.0,13.0,-1.0,11.0,0.0,8.0,2.0,6.0,4.0,4.0,6.0,1.0,8.0,-1.0,12.0,-1.0,13.0,-2.0,15.0,-2.0,17.0,-2.0,17.0,-2.0,18.0,-1.0,17.0,0.0,16.0,-1.0,14.0,0.0,12.0,0.0,10.0,-1.0,6.0,-2.0,4.0,-3.0,2.0,-5.0,-1.0,-7.0,-2.0,-9.0,-4.0,-11.0
4.9365,122.0,-96.0,7.0,0.0,0.0,0.0,0.0,0.0,0.0,0.0,0.0,0.0,-5.0,-5.0,-5.0,-4.0,-4.0,-4.0,-4.0,-4.0,-4.0,-3.0,-3.0,-2.0,-3.0,-3.0,-3.0,-2.0,-2.0,-1.0,-1.0,-2.0,-1.0,-1.0,-1.0,-1.0,-1.0,-1.0,0.0,0.0,1.0,0.0,2.0,0.0,1.0,1.0,3.0,0.0,3.0,0.0,4.0,0.0,5.0,1.0,5.0,0.0,6.0,0.0,7.0,0.0,7.0,0.0,8.0,-1.0
4.9613,122.0,-96.0,7.0,0.0,0.0,0.0,0.0,0.0,0.0,0.0,0.0,0.0,-18.0,0.0,-22.0,4.0,-25.0,6.0,-28.0,7.0,-31.0,7.0,-33.0,8.0,-33.0,7.0,-32.0,6.0,-30.0,5.0,-27.0,3.0,-24.0,4.0,-19.0,3.0,-14.0,4.0,-9.0,5.0,-4.0,9.0,1.0,11.0,5.0,15.0,8.0,19.0,9.0,22.0,11.0,25.0,12.0,27.0,11.0,29.0,11.0,29.0,8.0,29.0,7.0,26.0,6.0,24.0
4.9814,122.0,-96.0,7.0,0.0,0.0,0.0,0.0,0.0,0.0,0.0,0.0,0.0,34.0,-9.0,36.0,-10.0,35.0,-8.0,34.0,-8.0,33.0,-7.0,31.0,-8.0,26.0,-7.0,22.0,-7.0,14.0,-8.0,8.0,-8.0,2.0,-12.0,-3.0,-15.0,-8.0,-17.0,-12.0,-21.0,-15.0,-24.0,-16.0,-28.0,-18.0,-30.0,-20.0,-31.0,-17.0,-32.0,-16.0,-31.0,-15.0,-30.0,-12.0,-26.0,-12.0,-22.0,-9.0,-17.0,-10.0,-11.0,-10.0,-6.0
